,cdr3,epitope,label,binding
0,CASSPDRETQYF,CLGGLLTMV,0,0.12070687
1,CASSFVNDNQYF,NEGVKAAW,0,0.22436123
2,CASSLEWGYANAFF,IMNDMPIYM,0,0.11621733
3,CASSDPHGKSHQFF,AVFDRKSDAK,0,0.040784102
4,CASSHRSIQLFF,NLVPMVATV,0,0.11830147
5,CASSSLFDPDVLFF,GTSGSPIVNR,0,0.08904619
6,CASGYPFVVVNNLFF,HTTDPSFLGRY,0,0.103848875
7,CASSFNKMVWDMKLQHF,KLSYGIATV,0,0.088574216
8,CASSEDMDNPCQFF,HTTDPSFLGRY,0,0.23569216
9,CAWSMQYQAPFF,GLCTLVAML,0,0.20977443
10,CASSEHWMYDVQEQPNQYF,KLGGALQAK,0,0.137452
11,CASRGCNFDIVQYF,AVFDRKSDAK,0,0.07194174
12,CASSNAEMVNFWLFF,AVGSYVYSV,0,0.06094032
13,CISVPVTTGTERTDTQYFF,GLCTLVAML,1,0.0466916
14,CASSLRRTGYEQYF,YLLEMLWRL,0,0.08253426
15,CASSMLAGGLNEQFF,GILGFVFTL,1,0.6599759
16,CASSEPLADVQFF,GLCTLVAML,0,0.1192211
17,CASTGGGGNEQFF,ILKEPVHGV,0,0.118606485
18,CASSYSSGGADTQYF,CLGGLLTMV,0,0.18720889
19,CASSNEDVIAYTF,HTTDPSFLGRY,0,0.19710553
20,CASSQTSKMGTNQYF,CINGVCWTV,0,0.08801465
21,CSAFIKPLGKALFF,YLQPRTFLL,0,0.0049802233
22,CASSMCKQRCGYQYF,NLVPMVATV,0,0.070763804
23,CASSLARDDGYTF,KLQCVDLHV,0,0.0950133
24,CASSQVLSLAGPTGELFF,VTEHDTLLY,0,0.24571143
25,CASSLSTQRTYNEQFF,RIAAWMATY,0,0.05211297
26,CASSQDPSDRPLF,MLDLQPETT,0,0.70779085
27,CATPRWLAKNIQYF,FLRGRAYGL,0,0.07320497
28,CSASIHNQISMHRFDYTF,KRWIILGLNK,0,0.02516786
29,CASSFETGGRTQYF,KVAELVHFL,0,0.08511033
30,CASSFFYRTVCLQYF,KLLEIAPNC,0,0.087601244
31,CASSWNGQGKDSEAFF,KVLEYVIKV,0,0.065531895
32,CASNPWGRNTEAFF,NLVPMVATV,0,0.08957055
33,CASTAGTKLPDTQYF,GLCTLVAML,1,0.08361569
34,CASSTQKACKFIWQQYF,YVLDHLIVV,0,0.036347836
35,CASSPTSGSVYEQYF,GLCTLVAML,1,0.21002823
36,CSARFDWGIWNAFF,KLGGALQAK,0,0.076669164
37,CASSPWTKTHGQYF,LDYIINLII,0,0.036514916
38,CASSLAVNTEAFF,MLDLQPETT,0,0.16466892
39,CASSTVEESAVLHF,KLGGALQAK,0,0.061323147
40,CASSPDGETQYF,LLFGYPVYV,0,0.5664728
41,CASSTDWRIQHYLFF,CRVLCCYVL,0,0.027936134
42,CASSYRSHLTQNQYF,YVLDHLIVV,0,0.0795764
43,CASSAKWHIMSMVLFF,KLSYGIATV,0,0.044517167
44,CASSSRSAGEGNNEQFF,QYDPVAALF,0,0.051799774
45,CASTTTGGETQYF,GILGFVFTL,0,0.19662306
46,CASSFPSNTEAFF,KVLEYVIKV,0,0.24638121
47,CSVGMITLNQIELF,GLCTLVAML,0,0.9317573
48,CASSFSIRPDIVQYF,CTELKLSDY,0,0.1545407
49,CASSRGRGGYQPQHF,RIAAWMATY,0,0.04372605
50,CASSTSQYWLNKVQFF,KLGGALQAK,0,0.035645638
51,CSARDLSGTGPYEQYF,NLVPMVATV,0,0.39139122
52,CASSVDHCTFDKLVIQYF,HTTDPSFLGRY,0,0.15199497
53,CASSLGTGAYEQYF,KLQCVDLHV,0,0.23789436
54,CSARTTNSGYTF,GLCTLVAML,1,0.1558084
55,CSVEKFYCSWFMWDQYF,KLSYGIATV,0,0.104709655
56,CASSEAPGGIGELFF,NLVPMVATV,0,0.2048897
57,CASSFQVQHPFCQHF,TGAIKLDDK,0,0.10086682
58,CASSVNDGGIDYQQYF,GLCTLVAML,0,0.10248944
59,CASSQYRESTEAFF,RPPIFIRRL,0,0.1561873
60,CASSHDERHSAPGQYF,NLVPMVATV,0,0.05146316
61,CASSLSGSKLNTEAFF,CYTWNQMNL,0,0.09391401
62,CASSYWPTYNEQFF,FLRGRAYGL,0,0.08758806
63,CSATTLAGGSINEQFF,GLCTLVAML,1,0.06717635
64,CASSEFHSEVQYF,KLGGALQAK,0,0.07739944
65,CASSMVNEQFF,NLVPMVATV,1,0.61460453
66,CASRERTEAFF,KLQCVDLHV,0,0.17800336
67,CASSMTNCEYMVIQYF,YVLDHLIVV,0,0.20241971
68,CASSPNPGTVTGGANVLTF,KTWGQYWQV,0,0.03966459
69,CASSSQLGGGNTEAFF,GLCTLVAML,1,0.30436972
70,CASKRTATYEQYF,KTWGQYWQV,0,0.02684199
71,CASSEGHSNGYGYTF,GILGFVFTL,0,0.22773094
72,CASSGGEYRCYVYTF,NLVPMVATV,0,0.07452622
73,CASSPSLVRILHF,KLGGALQAK,0,0.048569564
74,CASSLGGDYEQYF,IMDQVPFSV,0,0.32056972
75,CASSPATEGLVQFF,NLVPMVATV,0,0.15195635
76,CASSKLSESHMLLAQYF,FLRGRAYGL,0,0.091286376
77,CASSSAEQGSYEQYF,CLGGLLTMV,1,0.15810151
78,CASTEPWFALDLLHF,KLGGALQAK,0,0.078856796
79,CASSLGTSGGVTYEQYF,IMDQVPFSV,0,0.10081148
80,CASSYRDREGYEQYF,GLCTLVAML,0,0.15703191
81,CASSNAMALSYTF,KRWIILGLNK,0,0.20345256
82,CASRVWGYGNTEAFF,GILGFVFTL,0,0.040712748
83,CASSTGTGYGYTF,VTEHDTLLY,0,0.13241464
84,CASSLEGQSSYEQYF,AYAQKIFKI,0,0.33708012
85,CASSYYKFTPDRDQYF,VYGIRLEHF,0,0.15746485
86,CSVEGGGGVPQGTQYF,SLFNTVATL,0,0.12168021
87,CASSQPLQSLYEQYF,GILGFVFTL,1,0.10182313
88,CASSQRSTGELFF,GILGFVFTL,1,0.9217008
89,CATSPRSEGRHEQYF,NLVPMVATV,1,0.15053737
90,CASKSGQGYEKLFF,GLCTLVAML,1,0.07733284
91,CATRATGEAQPQHF,RIAAWMATY,0,0.06663503
92,CASSFGGYTGELFF,SLLMWITQV,0,0.45092177
93,CASSTSLRSTQYF,AVFDRKSDAK,0,0.027946198
94,CASSIRSSTEAFF,GILGFVFTL,1,0.99221015
95,CASSTAGTGGYGYTF,SLFNTVATL,0,0.25077268
96,CSVRENHNEQFF,CYTWNQMNL,0,0.15828851
97,CSARLLEQSGNTIYF,GLCTLVAML,1,0.22555341
98,CASSEGGLNVEKLFF,LLFGYPVYV,0,0.10193061
99,CASSLAAGGVDEQFF,KTWGQYWQV,0,0.32025796
100,CASSYGGDTQYF,GLCTLVAML,0,0.53243953
101,CASSIHKPSQYF,GILGFVFTL,0,0.38415048
102,CASSVRSAGELFF,GILGFVFTL,1,0.96816796
103,CASSLGGAFYLHTDTQYF,QYDPVAALF,0,0.077998206
104,CASSRMSSEQEAGQFF,FVDGVPFVV,0,0.09461734
105,CSARGTVGNTIYF,GLCTLVAML,1,0.65283173
106,CASSFTSTIGTEAFF,CLGGLLTMV,0,0.13305727
107,CASSTHCNGAFDQYF,YVLDHLIVV,0,0.20889662
108,CASSPSIPSIDEQFF,CYTWNQMNL,0,0.4126112
109,CAISGSAGDKETQYF,KTWGQYWQV,0,0.053211756
110,CASSIVWGQETQYF,FLRGRAYGL,0,0.123884454
111,CASSPTTGTGNYGYTF,NLVPMVATV,1,0.35801476
112,CASSCMFWQQLMQYF,KLGGALQAK,0,0.06233376
113,CASSPLSGAGADEQFF,RPPIFIRRL,0,0.36972463
114,CASSLGSPYEQYF,KLGGALQAK,0,0.29695395
115,CASSLVLQMNTEAFF,CLGGLLTMV,1,0.079806745
116,CASSVCRQVDLFF,YLQPRTFLL,0,0.094233684
117,CASSLSGVEQYF,RIAAWMATY,0,0.30394676
118,CQHQQTTNTEAFF,ELRRKMMYM,0,0.15767926
119,CASSSRSTGELFF,GILGFVFTL,1,0.9072522
120,CSVLDDNLLQSDHQFF,QVPLRPMTYK,0,0.38828677
121,CASSSLLRRNTIYF,IMDQVPFSV,0,0.05878376
122,CATSGPHRVHEQFF,CYTWNQMNL,0,0.07492574
123,CASVLLSSGRGQETQYF,SLFNTVATL,0,0.04582668
124,CACSSVDFHPSEAQYF,GLCTLVAML,0,0.029730583
125,CASSSSEPRPQYF,HTTDPSFLGRY,0,0.10794015
126,CSVALGQGDEQYF,IPSINVHHY,0,0.20496908
127,CASSLGDRDDSPLHF,QPRAPIRPI,0,0.098202094
128,CASRCDHLRGFFF,YVLDHLIVV,0,0.099907614
129,CASSAGDTHAGQYF,HTTDPSFLGRY,0,0.12019129
130,CASSQAGRVSYNEQFF,GLCTLVAML,1,0.053803854
131,CASWGKSFNEQFF,ILKEPVHGV,0,0.043275833
132,CASSIRAAGELFF,GILGFVFTL,1,0.9712063
133,CASSKQQFLQIYTF,GILGFVFTL,0,0.055136714
134,CASSGAGTGPYEQYF,YLLEMLWRL,0,0.083048105
135,CATSMSKENPTHQFF,FLNGSCGSV,0,0.10597826
136,CASSSPGTDYGYTF,GLCTLVAML,1,0.43075734
137,CASSTESYNEQFF,KVLEYVIKV,0,0.3142291
138,CASSMNWELGLYTF,NLVPMVATV,0,0.08037152
139,CASSAQGGAENTEAFF,QPRAPIRPI,0,0.099373214
140,CSVRDRVGNTIYF,GLCTLVAML,1,0.85567456
141,CASSIEHAKAGMDQYF,KLGGALQAK,0,0.058488507
142,CASSHFDASNPLRIYF,FLNGSCGSV,0,0.0783668
143,CASSPTSGSIYEQYF,GLCTLVAML,1,0.20942031
144,CATSCYQCNDALLLFF,LLLGIGILV,0,0.15769131
145,CASLFHARDHTCVWQYV,KLGGALQAK,0,0.055229794
146,CALAYYGYTF,KVAELVHFL,0,0.2260186
147,CSARDRVGNTIYF,GLCTLVAML,1,0.8592216
148,CASSFKWQERNTEAFF,AYAQKIFKI,0,0.023883909
149,CASSLAAGTLTDTDTQYF,GLCTLVAML,1,0.21846111
150,CASTADFDFF,FLNGSCGSV,0,0.28483692
151,CASSSGTGVGYTF,FLYALALLL,0,0.11698689
152,CASSFIHWYYQFF,KLGGALQAK,0,0.11200833
153,CSVEVDSTYNEQFF,SLFNTVATL,0,0.20621502
154,CASSQDPREMNQPQHF,GLCTLVAML,1,0.06597975
155,CSASQTWCASQYF,KLGGALQAK,0,0.029178945
156,CSARDLSGREQYV,GILGFVFTL,0,0.15566246
157,CASSFMYCMSEQYF,HTTDPSFLGRY,0,0.04392832
158,CASSTSWMGYEFF,GILGFVFTL,0,0.20248961
159,CAWVPGTGGRGAFF,NLVPMVATV,1,0.0802907
160,CSARDRVGNGYTF,GLCTLVAML,1,0.833869
161,CASVHGWQYHYRLFF,GLCTLVAML,0,0.027275244
162,CGVWTGRNTEAFF,IMDQVPFSV,0,0.10751043
163,CATSDETNFGISGYTF,NLVPMVATV,1,0.0667771
164,CASSQGGQGEAFF,AYAQKIFKI,0,0.15685782
165,CASSPRTGPNEKLFF,AYAQKIFKI,0,0.05313532
166,CASSFCCVKVMQYF,HTTDPSFLGRY,0,0.04074813
167,CASSFPAGGFDTQYF,MLDLQPETT,0,0.06811673
168,CASSLFHEQYF,ILKEPVHGV,0,0.22154474
169,CASSGQSLKGQFF,KLGGALQAK,0,0.052737907
170,CASSHWEREHTGELFF,RIAAWMATY,0,0.18741591
171,CSVGCRTAMQYF,LPRRSGAAGA,0,0.16310956
172,CASSVGTDLYQETQYF,VTEHDTLLY,0,0.12123241
173,CASSFIPAELRYEQYF,VTEHDTLLY,0,0.20475888
174,CASSCYPGVCSNLQYF,GLCTLVAML,0,0.10509971
175,CSAEWYEFHSLTF,HTTDPSFLGRY,0,0.033625677
176,CASSLAGPAYEQYF,ELRRKMMYM,0,0.2906056
177,CSGGQGPDNEQFF,VTEHDTLLY,0,0.20948489
178,CASSSLHSNCPPQFF,KLGGALQAK,0,0.15967827
179,CASSVQKGPHYVANIVLTF,YVLDHLIVV,0,0.025860282
180,CASSVAQLIWAFF,IVTDFSVIK,0,0.13863155
181,CSARGPGQHTYGYTF,SLFNTVATL,0,0.03785515
182,CASSLYVNNGYTF,LLFGYPVYV,0,0.12446375
183,CASSMKQAIGINEQYF,KLGGALQAK,0,0.11109969
184,CASSLFYLRGNNEKLFF,QPRAPIRPI,0,0.021197125
185,CSVGSGGTNEKLFF,GLCTLVAML,1,0.5103789
186,CASSCAKDVKKLLTF,KLGGALQAK,0,0.048977576
187,CASTAIGGELFF,GLCTLVAML,1,0.27419746
188,CASSMLTYAFF,HTTDPSFLGRY,0,0.07820333
189,CASSTGQGAPYNEQFF,RLRAEAQVK,0,0.08932723
190,CASRGNEAFF,YLLEMLWRL,0,0.1685853
191,CASSIDRFAGAYTF,HTTDPSFLGRY,0,0.052341558
192,CSAALGLGEKLFF,RIAAWMATY,0,0.08934593
193,CASSSASYGYTF,NLVPMVATV,1,0.42106962
194,CSARDRGIGNTIYF,GLCTLVAML,1,0.4342969
195,CATNGRGGYYNEQFF,CYTWNQMNL,0,0.058034085
196,CASSEGIYGYTF,GILGFVFTL,1,0.5890829
197,CASSFMRHPRLHF,KLGGALQAK,0,0.028268361
198,CASSMCEMFPRF,TLIGDCATV,0,0.5733957
199,CASSHKESKWPCQYF,FLNGSCGSV,0,0.055741265
200,CASSVVCDNIQFF,GILGFVFTL,0,0.20789106
201,CSASGTGGSLYTGELFF,GLCTLVAML,1,0.067026295
202,CASSPKTDSYNSPLHF,ELRRKMMYM,0,0.1269043
203,CASSLVPWTAKFF,KLGGALQAK,0,0.057144687
204,CASYSPPEQQQLFF,IVTDFSVIK,0,0.08206341
205,CASSFKTFGSSHQLFF,KLGGALQAK,0,0.03233979
206,CASSLVRGGPDYEQYF,ILKEPVHGV,0,0.12951596
207,CASSIFDGQPQHF,GILGFVFTL,1,0.9242609
208,CATSNPSLLFQFF,VVYRGTTTY,0,0.26247808
209,CASSSFMGDRGRYTF,SLFNTVATL,0,0.06430008
210,CATSDRTACCEGSYQFF,NLSALGIFST,0,0.07262837
211,CAISLHQAVMCLHQYF,CTELKLSDY,0,0.09646881
212,CASSIKHWNNQFF,HTTDPSFLGRY,0,0.020097502
213,CASSTGQIATNEKLFF,GLCTLVAML,1,0.24367097
214,CSARVGVGNTIYF,GLCTLVAML,1,0.5929999
215,CASSDPKMQQKSAFF,KLGGALQAK,0,0.02692941
216,CASSPHPGGSNTEAFF,QPRAPIRPI,0,0.0653083
217,CASSQQPKKNYWLFF,FVDGVPFVV,0,0.040195204
218,CASSLEPNWQYF,FVDGVPFVV,0,0.2233451
219,CASSVQMCKRFQYF,HTTDPSFLGRY,0,0.019769356
220,CASGQALSYNEQFF,GLCTLVAML,0,0.3419367
221,CASSVDGGLYSPLHF,FLYALALLL,0,0.1511229
222,CSVVLMCYTDQFF,YVLDHLIVV,0,0.20911145
223,CSADEDSMESGLQFF,FLPRVFSAV,0,0.110155426
224,CASSHLKDWLVQYF,FLNGSCGSV,0,0.12710819
225,CASSQDRARELFF,IMDQVPFSV,0,0.12971729
226,CAISIVYLPIKDRQFF,KLGGALQAK,0,0.08603334
227,CSASGLAGVLTDTQYF,SLLMWITQV,0,0.10823177
228,CSARREGQMLIGQFF,NLVPMVATV,0,0.081133984
229,CASSQDGTGWTNEKLFF,NLVPMVATV,0,0.099888004
230,CASRTTRVHTEAFF,QYDPVAALF,0,0.053128086
231,CAYPKSSQNIYTF,HTTDPSFLGRY,0,0.04991207
232,CASSMRSTGELFF,GILGFVFTL,1,0.9776629
233,CASSFQSDNLFF,IVTDFSVIK,0,0.16540264
234,CASSTSCLWYPVQYF,HTTDPSFLGRY,0,0.07721089
235,CASSIVSSSGNTIYF,SLLMWITQV,0,0.1726023
236,CASSFFRTGLAGGYYEQYF,IPSINVHHY,0,0.051507592
237,CSARTGAGNTIYF,GLCTLVAML,1,0.46458715
238,CASSTMVTNARQYF,YVLDHLIVV,0,0.13563424
239,CASSNTSSHEDAFF,GLCTLVAML,0,0.16461825
240,CASSHNMFGGIDQYF,HTTDPSFLGRY,0,0.111988395
241,CASSHRGVQESEKLFF,GLCTLVAML,1,0.042587996
242,CASRYEAGTYNEQFF,KLGGALQAK,0,0.0723017
243,CSARDEVGNTIYF,GLCTLVAML,1,0.78942186
244,CASSLAYVATEAFF,GLCTLVAML,1,0.15667845
245,CASGPRSAYEQYF,GILGFVFTL,1,0.65198386
246,CSASLFVGHSAYNEQFF,YLLEMLWRL,0,0.08478321
247,CASSQDLGVKDTQYF,IPSINVHHY,0,0.09499854
248,CASRSALVSHTRQYF,ELRRKMMYM,0,0.036579993
249,CASSFGVSGGTDTQYF,RTLNAWVKV,0,0.079892546
250,CASSTMTQGQQYF,CINGVCWTV,0,0.12822923
251,CASSQVSSGAETQYF,SLLMWITQV,0,0.1147786
252,CASSPHGVGDTQYF,RTLNAWVKV,0,0.11184928
253,CASSEYTLLNIQYF,SLVKPSFYV,0,0.37383983
254,CASSVDGSGNTIYF,MLDLQPETT,0,0.15337896
255,CASSPQTGVSYGYTF,NLVPMVATV,1,0.37951335
256,CASSLSGWSGTGELFF,FLRGRAYGL,0,0.076658696
257,CASSHKGHTAPNDGYTF,GILGFVFTL,0,0.031574924
258,CASSEALLGRANYGYTF,NLVPMVATV,1,0.14430162
259,CASSLAGTTQYF,IMDQVPFSV,0,0.14745817
260,CASAIAYQCQYF,HTTDPSFLGRY,0,0.10736443
261,CASSMKREDTQFF,KLGGALQAK,0,0.04049484
262,CASSDAVGYANVWQYF,HLVDFQVTI,0,0.07543793
263,CASSSQGVPCCPHQYF,KLDGFMGRI,0,0.16584483
264,CASSDIQAFWQFF,KLGGALQAK,0,0.10253597
265,CASSLKDRGNETQYF,QYDPVAALF,0,0.10405763
266,CASSLPDPGANVLTF,FLRGRAYGL,0,0.16632591
267,CASSSNQPQHF,KTWGQYWQV,0,0.09620172
268,CASSSRSTDTQYF,GILGFVFTL,1,0.94946575
269,CASSLWRGSSYNSPLHF,FLYALALLL,0,0.13684866
270,CASSLGQGTSTYEQYF,IMDQVPFSV,0,0.16211073
271,CASSEKGLAVYNEQFF,NLVPMVATV,0,0.11578768
272,CASSDHWYTIQQYF,NLVPMVATV,0,0.06874866
273,CASSKMAHTAQYF,NLVPMVATV,0,0.06680158
274,CATSGQNVKRQYF,LLWNGPMAV,0,0.025356123
275,CASIGSRDGGRHEQFF,RIAAWMATY,0,0.09248877
276,CASSQTRRARPDTQYF,RPPIFIRRL,0,0.044804435
277,CASSQEDSSYEQYF,CYTWNQMNL,0,0.64519066
278,CASSHYCKYTF,KAFSPEVIPMF,0,0.23988034
279,CASSFNSYMEWQHF,FVDGVPFVV,0,0.06176216
280,CASSCQHKSCMRKQFF,RPHERNGFTVL,0,0.08804726
281,CSVGTGGPYEQYF,RPPIFIRRL,0,0.10642829
282,CSVTGTLMEEQYF,GLCTLVAML,1,0.22529316
283,CASSTDWWYDNVQFF,GILGFVFTL,0,0.05830422
284,CASSFGGGRETQYF,FLRGRAYGL,0,0.047141023
285,CASNLWPQHF,GILGFVFTL,1,0.12483511
286,CASSQDSSAGLGEQYF,GLCTLVAML,1,0.14092623
287,CASSIVHLNEQYF,GILGFVFTL,1,0.5648946
288,CASGTKWMACIQYF,HTTDPSFLGRY,0,0.045829434
289,CSAPNWCHCDQFF,KLGGALQAK,0,0.108804956
290,CASSTNHCYGLCMYTF,LEPLVDLPI,0,0.120622784
291,CASLVVLETNTGELFF,KVLEYVIKV,0,0.14892027
292,CASSYVTGSSYEQYF,GLCTLVAML,1,0.13449635
293,CASSQVLAEQFF,AYAQKIFKI,0,0.23631942
294,CASSQCMLRVQQYF,HTTDPSFLGRY,0,0.07333369
295,CASSRAGLSYNEQFF,SLFNTVATL,0,0.13053448
296,CASRLAGTPNNEQFF,SLLMWITQV,0,0.12690938
297,CQQRVRAGISSYEQYF,GILGFVFTL,1,0.032531172
298,CASSLMNKKHPIYF,YEGNSPFHPL,0,0.07179635
299,CASSDMSDWARSIRLFF,VMHANYIFW,0,0.069845386
300,CASSLVGTTYEQYF,CYTWNQMNL,0,0.18626726
301,CAWRTENTEAFF,NLVPMVATV,0,0.2033152
302,CASSRTSEKLFF,GILGFVFTL,0,0.20038936
303,CASRCLWEYASMQQFF,VTEHDTLLY,0,0.18633477
304,CATSSGANTGELFF,QPRAPIRPI,0,0.22941628
305,CASSLAAGALYNEQFF,NLVPMVATV,1,0.49393484
306,CSARPRQNLYEQYF,QYDPVAALF,0,0.08388579
307,CSVNSGQGTPQYF,GLCTLVAML,1,0.18637548
308,CASSVRSAYEQYF,GILGFVFTL,1,0.9822958
309,CASSGVEISKQYF,LPRRSGAAGA,0,0.079448484
310,CATSWLCFKNPQRGLTF,KLSYGIATV,0,0.10367418
311,CSVGWTISKQYF,RAKFKQLL,0,0.10846994
312,CASSKRSTDTQYF,GILGFVFTL,1,0.9345944
313,CASSDWIPTWFRWLFF,FVDGVPFVV,0,0.059877694
314,CARSPASGGPAAKNIQYF,FLRGRAYGL,0,0.0933433
315,CASSYNTEAFF,KLQCVDLHV,0,0.33915257
316,CASSLANTDTQYF,RPPIFIRRL,0,0.39178416
317,CASANDMYWAQYF,GLCTLVAML,0,0.058684397
318,CASSGGQKAPGELFF,GLCTLVAML,1,0.4840081
319,CASYGTGDNYGYTF,RIAAWMATY,0,0.04885972
320,CASSLGAARTSYEQYF,ELRRKMMYM,0,0.05167236
321,CASTWTGQVNNEQFF,SLFNTVATL,0,0.11813238
322,CASSSWTGGYEQYF,QPRAPIRPI,0,0.15117024
323,CASSLRDNTEAFF,IMDQVPFSV,0,0.37195906
324,CASRGEGASYNEQFF,SLLMWITQV,0,0.07051191
325,CASEIGQGLVNEQFF,RTLNAWVKV,0,0.062358174
326,CASSFPMIEHEQHF,FVDGVPFVV,0,0.17246501
327,CASSGGVTEAFF,SLLMWITQV,0,0.26537848
328,CASSTRHTDTQYF,GILGFVFTL,1,0.5413505
329,CASSEGQYQYF,LLLGIGILV,0,0.32011262
330,CAIRVGGPFSNQPQHF,KVAELVHFL,0,0.03958929
331,CASSTTSGGPKSRELFF,ILKEPVHGV,0,0.024309501
332,CASSQGPPPYEQYF,KLQCVDLHV,0,0.19443518
333,CASSALDTNYEQYF,ELRRKMMYM,0,0.38199872
334,CASSIGLYGYTF,GILGFVFTL,1,0.85553473
335,CASSPRHTDTQYF,GILGFVFTL,1,0.47674692
336,CASSSNLAPISYTF,HTTDPSFLGRY,0,0.17687277
337,CASSCQMIEPCRFQYF,KLSYGIATV,0,0.1403641
338,CASSNEMAPFKGALFF,KLGGALQAK,0,0.052209657
339,CSVGGLKFWFQYF,KLSYGIATV,0,0.053311147
340,CASSLELGLAEAFF,VTEHDTLLY,0,0.26432508
341,CQPRTGDYEQYF,NLVPMVATV,1,0.11563025
342,CSVEGRRGYASLAYTF,MLDLQPETT,0,0.039740816
343,CASKGTGGGHF,LLFGYPVYV,0,0.08499352
344,CASSHMHHQTQSPLFF,KLGGALQAK,0,0.060280476
345,CSAKYHHGEYTF,KLGGALQAK,0,0.046195768
346,CASSKFVQRKERQHF,NLVPMVATV,0,0.030364288
347,CASSLDEGGLTDTQYF,LLFGYPVYV,0,0.2859459
348,CASSEKVWTEQYF,GILGFVFTL,0,0.0719898
349,CASSLNPSFWGVQHF,TPRVTGGGAM,0,0.119879566
350,CASSASGQGIYEQFF,SLLMWITQV,0,0.1105302
351,CASSSKWRMLFF,KLGGALQAK,0,0.019368744
352,CASSLSGSYEQYF,GLCTLVAML,1,0.5814489
353,CASTLGITAGTSYNEQFF,NLVPMVATV,1,0.17082584
354,CATSYAHPYTQYF,FRCPRRFCF,0,0.087817214
355,CASSNYCPEQYF,KLGGALQAK,0,0.1659211
356,CATDGGGNSTNEKLFF,NLVPMVATV,1,0.09178208
357,CASSGWKPMAGFQFF,ELAGIGILTV,0,0.062147323
358,CASSIGQAFADTQYF,GLCTLVAML,0,0.17197834
359,CASSMHAMQILNTQYF,LPRRSGAAGA,0,0.1516346
360,CASSVSGGSYNEQFF,CLGGLLTMV,0,0.16393544
361,CSAGPTSHIWYTF,YVLDHLIVV,0,0.04171559
362,CASSRSLHQVPAIYF,ELAGIGILTV,0,0.04036651
363,CASRSTGEISNEQYF,CYTWNQMNL,0,0.10898284
364,CASSQYRAGPHQHF,CRVLCCYVL,0,0.039474867
365,CASSGANKMLPPIQYF,KLGGALQAK,0,0.06118327
366,CSARLQRVGNTIYF,GLCTLVAML,1,0.19630097
367,CSVGRDGTNEKLFF,GLCTLVAML,1,0.54446596
368,CASSISEMIENRQYF,CRVLCCYVL,0,0.11799322
369,CASSPRGEYTGELFF,RTLNAWVKV,0,0.18627861
370,CSVPRQVQETQYF,GLCTLVAML,1,0.31234387
371,CASSVVGGDEQYF,GLCTLVAML,1,0.41112864
372,CQQLLFSGGGNEQFF,NLVPMVATV,1,0.11534822
373,CASSAGTVQPTDTQYF,GLCTLVAML,1,0.10652374
374,CASSAEMVIAPQYF,ELAGIGILTV,0,0.086107545
375,CASSAYVQGSGNTIYF,CYTWNQMNL,0,0.055111043
376,CASSKVWSFIYEQYF,IMDQVPFSV,0,0.07287871
377,CASSLRCYVTNQQYF,VLAWLYAAV,0,0.14457573
378,CASSQDRLAGDTYEQYF,KLQCVDLHV,0,0.21825336
379,CASSSRTYRGGDVDTEAFF,IPSINVHHY,0,0.18674675
380,CASKEARFNYGYTF,ILKEPVHGV,0,0.04877546
381,CASSGIHKDCYTEQHF,FRCPRRFCF,0,0.069980204
382,CASSQSPGGVAFF,GLCTLVAML,1,0.78689355
383,CASRYGDGPEQFF,FLRGRAYGL,0,0.11930524
384,CANGVGGEGGQFF,KLQCVDLHV,0,0.09454196
385,CSARTAPIGNTIYF,GLCTLVAML,1,0.17567745
386,CASSLTGFYEQYF,YLLEMLWRL,0,0.4778777
387,CASSSNTGLRATNEKLFF,KLGGALQAK,0,0.019051483
388,CSARAQTTLFF,KLGGALQAK,0,0.022173902
389,CASSHGQGYGYTF,QYDPVAALF,0,0.14392285
390,CASSCSITRGKLIDQYF,GILGFVFTL,0,0.10581421
391,CAWSSYGVSNQPQHF,QPRAPIRPI,0,0.01788193
392,CSLYDLVQALVSPLHF,NLVPMVATV,1,0.1607563
393,CASSTRSADTQYF,GILGFVFTL,1,0.97010964
394,CASSLKSSPLHF,FLYALALLL,0,0.34546167
395,CASSPKSMNRYRQYV,KLGGALQAK,0,0.048911177
396,CASNANADVPDQHF,KLWAQCVQL,0,0.13465026
397,CASSQLAEWGWPAFF,FLNGSCGSV,0,0.1311539
398,CASSIDSGGSYNEQFF,ILKEPVHGV,0,0.117790304
399,CASSISIRMFMDSYWQFF,SPRWYFYYL,0,0.020832373
400,CASSIGWHGYTF,GILGFVFTL,1,0.671898
401,CASTTLMSQMQAQYF,FVDGVPFVV,0,0.09491793
402,CSVEIGQSISHFETYTF,GLCTLVAML,0,0.18612614
403,CASSEGRVAPGELFF,GLCTLVAML,1,0.77422166
404,CASSPPPGLAISTDTQYF,CLGGLLTMV,0,0.13833296
405,CASSRQGENIQYF,RTLNAWVKV,0,0.08114212
406,CASRWMITKAFGQHF,KLGGALQAK,0,0.073203854
407,CASSNSLCAFF,FLNRFTTTL,0,0.4112868
408,CASSQEGITDTQYF,CYTWNQMNL,0,0.3925108
409,CSARVLWQEECHWQAQFF,KLSYGIATV,0,0.03398329
410,CSAPIIGHTTYNEQFF,GLCTLVAML,1,0.10736452
411,CASSDQYMTASQSAFF,KLSYGIATV,0,0.12034637
412,CASSRTCPLAKQQYF,RLRAEAQVK,0,0.05565182
413,CASSPGTGLYNEQFF,CLGGLLTMV,0,0.2572455
414,CASSQLGHEMEDAFF,KLGGALQAK,0,0.16989696
415,CASSVGGTHYEQYF,RPPIFIRRL,0,0.15105
416,CASSRAKFNCIDKAQHF,EIDPKLDNY,0,0.19274917
417,CATSTQTGPNEQFF,NLVPMVATV,0,0.14119539
418,CASSSRATGELFF,GILGFVFTL,1,0.75624686
419,CASSIRSSYEQYF,GILGFVFTL,1,0.9958832
420,CSVVVNEWNCMRQYF,YVLDHLIVV,0,0.17123102
421,CASMGVKGRFNQYF,RLQSLQTYV,0,0.039025825
422,CASSLGMNTEAFF,IVTDFSVIK,0,0.43286648
423,CSVGDAMMPCTLFF,KLSYGIATV,0,0.09476349
424,CAWSVDNMNTEAFF,VTEHDTLLY,0,0.36090356
425,CASSSGNYRFNQYF,LPRRSGAAGA,0,0.13190532
426,CASSYCHNPIRIYF,NLVPMVATV,0,0.18136573
427,CASSQGYSYCLTLFF,GLCTLVAML,0,0.30297494
428,CASGAGRVAPGELFF,GLCTLVAML,1,0.5115917
429,CASSVRSTGELFF,GILGFVFTL,1,0.9741649
430,CASSLAGFWGEQYF,KTWGQYWQV,0,0.114342965
431,CASRHFDRFDHRQHF,YVLDHLIVV,0,0.08235594
432,CASSDKTKEQVQYF,FVDGVPFVV,0,0.17446364
433,CASNPRPRPSYTDTQYF,RMFPNAPYL,0,0.07433981
434,CASSSLHYMQFF,AVFDRKSDAK,0,0.07813615
435,CASSPVQGSVYEQYF,GLCTLVAML,1,0.13525368
436,CASRKAFLDRNQYF,KLGGALQAK,0,0.05862285
437,CASSYHIGQGYTF,LLFGYPVYV,0,0.16647768
438,CASSCACDQYF,HTTDPSFLGRY,0,0.199687
439,CASSVRSTDTQYF,GILGFVFTL,1,0.98151726
440,CASSRDWWVFRDMPDLFF,LLWNGPMAV,0,0.0446855
441,CASSSSKDRGYGQPQHF,NLVPMVATV,1,0.08193217
442,CASSKNPLHCKQHF,KLGGALQAK,0,0.056852486
443,CASSIEYRFQFQYF,KLGGALQAK,0,0.04503052
444,CAWSVPQAPGEQYV,KVLEYVIKV,0,0.10805767
445,CASSLTGVDEQFF,GILGFVFTL,1,0.61369526
446,CASSNPHNMIWADQYF,KLGGALQAK,0,0.13014668
447,CASRLDSSPRTEQYF,RPPIFIRRL,0,0.051725395
448,CLLHLQCGVQRYEKLFF,GILGFVFTL,1,0.017517196
449,CASSIKGDDQYF,YVLDHLIVV,0,0.21772738
450,CASSCSHACCALQTSQYF,KLWAQCVQL,0,0.064810514
451,CASSLATTGTDTQYF,SLLMWITQV,0,0.20715152
452,CASSQDLAGELFF,GLCTLVAML,1,0.4513665
453,CASSLYIPAFF,KLSYGIATV,0,0.1411165
454,CAIKDGALSNF,AYAQKIFKI,0,0.5274325
455,CASRLLAGGDNEQFF,NLVPMVATV,1,0.28456107
456,CASSAYIFCEAERTQHF,KLSYGIATV,0,0.08897365
457,CASSSRFYIEMQFF,KLPDDFTGCV,0,0.10846559
458,CAGSLTVPNWAKQFF,GLCTLVAML,0,0.07118974
459,CASSYSSTGVSIREQYF,MLDLQPETT,0,0.03817415
460,CASSCSEKSNNCQYF,LPRRSGAAGA,0,0.17558807
461,CASSGRSTDTQYF,GILGFVFTL,1,0.94449216
462,CSANAAAGTGGTGELFF,KTWGQYWQV,0,0.046426408
463,CASSTQYQRLGCTQHF,QYDPVAALF,0,0.098870635
464,CASSLGSGGSGELFF,IMDQVPFSV,0,0.17177664
465,CASSFFSEGFNFQFF,KLGGALQAK,0,0.10786872
466,CASSKTNDYEVQYF,HTTDPSFLGRY,0,0.14614145
467,CAWDSGQGFLETQYF,KTWGQYWQV,0,0.02503657
468,CASSQDLQGHLPSYTF,KLGGALQAK,0,0.09047509
469,CASSPHRCGRNWQYF,FVDGVPFVV,0,0.05303348
470,CASSLFGTGGDQPQHF,ILKEPVHGV,0,0.38081908
471,CASSCINDGAGLFF,HTTDPSFLGRY,0,0.127301
472,CSASLTTGASPQFF,FLNRFTTTL,0,0.05109347
473,CASTGPSFEQYF,RTLNAWVKV,0,0.18639903
474,CASSNSGDGYTF,KLGGALQAK,0,0.09737738
475,CASRDYYEQYF,KVAELVHFL,0,0.2456876
476,CASSRHERCELF,GILGFVFTL,0,0.88820636
477,CASSSPRGEETQYF,RLRAEAQVK,0,0.088169605
478,CASSVPIQGPNYGYTF,GILGFVFTL,0,0.07667742
479,CASRSHCMPYQQYF,KLGGALQAK,0,0.043916557
480,CASSLVGTPDTQYF,RPPIFIRRL,0,0.3523024
481,CASSYGEGSYEQYF,RLRAEAQVK,0,0.18379846
482,CASSTDYEQYF,NLVPMVATV,0,0.6218033
483,CASSLGGGAYEQYF,IPSINVHHY,0,0.119707346
484,CASSLGGYEQYF,CLGGLLTMV,1,0.5733077
485,CASSLLRDYEQYF,RPPIFIRRL,0,0.158059
486,CASSVGGDNSPLHF,FLRGRAYGL,0,0.11457751
487,CASSQLNLGLAGVVSGELFF,GLCTLVAML,0,0.04242649
488,CASSVLERNILLFF,KLGGALQAK,0,0.04733933
489,CASSSGEKSSYNEQFF,GLCTLVAML,1,0.13547005
490,CSANNPFTRKQHF,GILGFVFTL,0,0.029607562
491,CASSIGHFLHARAFF,CRVLCCYVL,0,0.012859134
492,CASSSAGGPLDSYNEQFF,VTEHDTLLY,0,0.09309933
493,CASSLDNFSEAFF,FLRGRAYGL,0,0.23008595
494,CASSMCYWEMQYF,FVDGVPFVV,0,0.14391515
495,CASSEEMDWCWQYF,KLSYGIATV,0,0.12517746
496,CASSCRCIRFQYF,GLCTLVAML,0,0.09736984
497,CASSLYQGSNYGYTF,GLCTLVAML,0,0.09118481
498,CASTRVGSHETQYF,RLRAEAQVK,0,0.060025632
499,CASGGVRALNYGYTF,SLLMWITQV,0,0.055477183
500,CASSIRSAYEQYF,GILGFVFTL,1,0.99533725
501,CASSIPLDRLGQPQHF,FLRGRAYGL,0,0.09327832
502,CASSLSSRLGVNEQFF,RPPIFIRRL,0,0.1507767
503,CASSLTGTPQETQYF,GILGFVFTL,1,0.10145584
504,CATSMKRINWQFF,NLVPMVATV,0,0.07209027
505,CASSQKEVAREYTF,HTTDPSFLGRY,0,0.07375869
506,CASSQTGLNTEAFF,GILGFVFTL,1,0.30704316
507,CASSDRAGIEQYF,GILGFVFTL,1,0.6587067
508,CASSLWGGSKETQYF,RLRAEAQVK,0,0.20313567
509,CASSIRSGQVEQFF,GILGFVFTL,1,0.99062777
510,CASSSHGGAYNEQFF,SLFNTVATL,0,0.3474093
511,CASSDRDRQYL,YVLDHLIVV,0,0.15865467
512,CASRLGTGGAGELFF,KLQCVDLHV,0,0.08065869
513,CASSRFTVKWYFQYF,YVLDHLIVV,0,0.035045058
514,CASSEETALRQYF,LAMPFATPM,0,0.16443154
515,CSVLWACYVDAQFF,SPRWYFYYL,0,0.044208944
516,CASSLFTEAFF,RMFPNAPYL,0,0.28215733
517,CASSPVTGGSTYGYTF,NLVPMVATV,1,0.35662472
518,CASSSEDVSSDAFF,KRWIILGLNK,0,0.17617296
519,CASSYYSNQPQHF,GILGFVFTL,1,0.8258174
520,CASSLSSGRTDTQYF,RMFPNAPYL,0,0.13228445
521,CASSKNWNIDWQYF,GTSGSPIINR,0,0.03729248
522,CASRPQGAPGYTF,RLRAEAQVK,0,0.079517
523,CASSPFGRAVNYGYTF,CLGGLLTMV,0,0.04090359
524,CSVDSAESSYNEQFF,QYDPVAALF,0,0.14411093
525,CATTHIHSWERCAQFF,NLVPMVATV,0,0.10054029
526,CASSLRGGENSYNEQFF,RTLNAWVKV,0,0.14783773
527,CASSDDQIEQFF,LLSLFSLWL,0,0.23873806
528,CASRDTENQPQHF,IVTDFSVIK,0,0.16816686
529,CASSVYGGVAGELFF,NLVPMVATV,1,0.17607401
530,CASSRYSGGFGDTQYF,LLFGYPVYV,0,0.1836184
531,CASSQDTARAFF,GLCTLVAML,1,0.15671583
532,CSARFRFKVMFIYF,GLCTLVAML,0,0.096791506
533,CASTDLSTTGQHTDTQYF,LLFGYPVYV,0,0.21284941
534,CASLKYAMQYF,YVLDHLIVV,0,0.1354271
535,CASRAHQADHWTHQYF,YVLDHLIVV,0,0.061195895
536,CSATPGQNYQPQHF,LLFGYPVYV,0,0.082096115
537,CASSMRSSEPQHF,GILGFVFTL,1,0.97344583
538,CASSFTLAGRWLHF,HTTDPSFLGRY,0,0.026130354
539,CASSQGVHGESPHRGANLFF,SLFNTVATL,0,0.08440768
540,CASSVINIAQSPYYTF,HTTDPSFLGRY,0,0.09662179
541,CASSDEPMQHYTF,FLNGSCGSV,0,0.12277125
542,CASRPGAGGLTDTQYF,SLLMWITQV,0,0.12454734
543,CATSVGGTEAFF,NLVPMVATV,0,0.4785318
544,CASSKEGRKLDEQYF,KVAELVHFL,0,0.1127652
545,CAISERLEYSGIFLQFF,KLGGALQAK,0,0.042518765
546,CASSRVFTTNEKLFF,QPRAPIRPI,0,0.0327817
547,CASSCFENPIYAGMQYF,KLGGALQAK,0,0.08460266
548,CASSMRAFYNEQFF,NLVPMVATV,1,0.33349705
549,CSARDQTGNGYTF,GLCTLVAML,1,0.69877106
550,CASSAWTAASKFQYF,YVLDHLIVV,0,0.0659952
551,CASSYATGASYGYTF,NLVPMVATV,1,0.4624231
552,CASSTQTGGREQYF,ELRRKMMYM,0,0.08099396
553,CASSSPNQYF,AVFDRKSDAK,0,0.14578393
554,CASSAKYTKQFF,GLCTLVAML,0,0.06151836
555,CASSPLTGTGVYGYTF,NLVPMVATV,1,0.43918645
556,CASSLGSGGEVSYNEQFF,LLFGYPVYV,0,0.08307807
557,CATSVDVILAPSQHF,KLGGALQAK,0,0.18896605
558,CASSPDYIIWIYQYF,KLGGALQAK,0,0.15168582
559,CAWGRREAFHTQFF,LLSAGIFGA,0,0.01198226
560,CASSFGNHQQKYEQYF,GSEHSLAEY,0,0.10504278
561,CASSQSNYEQYF,GLCTLVAML,0,0.6935971
562,CASSEMCYALAFF,KLGGALQAK,0,0.1880195
563,CASSMVYNEQFF,IPSINVHHY,0,0.10908605
564,CASSYGGQRASYEQYF,FLYALALLL,0,0.047525603
565,CASTRVMNTEAFF,CLGGLLTMV,1,0.073900744
566,CASSQRSTDTQYF,GILGFVFTL,1,0.9555662
567,CSAQRGGADTGELFF,LLFGYPVYV,0,0.06009064
568,CASSRKTGVMSGYTF,SLLMWITQV,0,0.03352564
569,CASSVAEMCQWSILFF,TPRVTGGGAM,0,0.01605504
570,CASSKDGWRELAKNIQYF,NLVPMVATV,0,0.034754805
571,CATSRDQGIRNTEAFF,VTEHDTLLY,0,0.055066496
572,CAWSLQKRTEGLLFF,FLNRFTTTL,0,0.033519726
573,CASGWRNNSPLHF,KTWGQYWQV,0,0.030694135
574,CASSPWGSGGAGDTQYF,GILGFVFTL,0,0.08362459
575,CASRSGDNILDLQYF,YVLDHLIVV,0,0.22275181
576,CAISHSIWWMQYF,GILGFVFTL,0,0.055574145
577,CASRPAGLAKETQYF,AYAQKIFKI,0,0.06803092
578,CASSPRSTDTQYF,GILGFVFTL,1,0.9567931
579,CATSQKPMTDYTF,KLGGALQAK,0,0.029053776
580,CASSQDKSEWWETQYF,RTLNAWVKV,0,0.2776366
581,CSGDKCAQKYTF,GLCTLVAML,0,0.1023429
582,CASSTRCSFYREAAFF,KLGGALQAK,0,0.03670574
583,CATTPEGAPYEQYF,VTEHDTLLY,0,0.24778803
584,CASITSLWTEQFF,HTTDPSFLGRY,0,0.051181696
585,CASSLTGSVLEQYV,KVAELVHFL,0,0.5873087
586,CASSKCTRGLQQYF,GTSGSPIINR,0,0.03188818
587,CASNMMMACWLFF,KLGGALQAK,0,0.07015589
588,CASSPGGPNTGELFF,KLQCVDLHV,0,0.16892423
589,CASRRKRNPGLQYF,EILDITPCSF,0,0.033182222
590,CASSRQLAGGEETQYF,ELRRKMMYM,0,0.08115205
591,CASKVPDSVYWQYF,KLSYGIATV,0,0.046751194
592,CARTGLKLLGQYF,GTITSGWTF,0,0.13574374
593,CASSQGSTYEQYF,SLFNTVATL,0,0.3287149
594,CASSLRAAYEQYF,GILGFVFTL,1,0.9182239
595,CASSWLPFDEVTQYF,KLGGALQAK,0,0.06968116
596,CASTLGFPREKKQYF,KLGGALQAK,0,0.036404144
597,CASSSSPVPNYGYTF,RLRAEAQVK,0,0.07242138
598,CSARANADTKCVLHF,FEDLRVLSF,0,0.06913439
599,CASSGLPKIPKAFF,NLVPMVATV,0,0.03847502
600,CASSQYPDWVQYF,FVDGVPFVV,0,0.26363352
601,CSARRGWKFGIYF,ILNVDIFTL,0,0.022724783
602,CASSKLSWNQPQHF,YLLEMLWRL,0,0.061910264
603,CATSDGQGGEKLFF,FLRGRAYGL,0,0.035133813
604,CASSLVGRRVEKLFF,RPPIFIRRL,0,0.036923733
605,CASTQNRENTEAFF,FLYALALLL,0,0.0778866
606,CASSVRSSYEQYF,GILGFVFTL,1,0.98217577
607,CASSGKKKSKNEMAFF,GLCTLVAML,0,0.032731123
608,CASSEGLVSPTDTQYF,GLCTLVAML,1,0.3285439
609,CASSSRSAYEQYF,GILGFVFTL,1,0.9413757
610,CASSIEPQHPLTLHF,FEDLRLLSF,0,0.15890487
611,CASSLEGGLVTGELFF,AYAQKIFKI,0,0.28017834
612,CASSCWHHDLIAQYF,KLGGALQAK,0,0.09698109
613,CASSLVGRISADYGYTF,ILKEPVHGV,0,0.034385335
614,CSVKFTEIMQYF,NLVPMVATV,0,0.07106547
615,CASSNNSVFPEIDQYF,YVLDHLIVV,0,0.22772764
616,CASSLMPPVTTNWPQFF,AVFDRKSDAK,0,0.059556577
617,CASSYAACCMMCMTIYF,KLGGALQAK,0,0.09005261
618,CASSLGGIDEQFF,CLGGLLTMV,0,0.5378248
619,CASSSMLEMIPGQYF,YVLDHLIVV,0,0.33247367
620,CASSMRASGYQHF,GILGFVFTL,1,0.8784268
621,CASSSPNEQFF,IVTDFSVIK,0,0.4744806
622,CASSYYNTLFSGNTIYF,KLGGALQAK,0,0.06513431
623,CAISESRASGDNNEQFF,ILKEPVHGV,0,0.21329987
624,CASSLIVWEEQYF,GTSGSPIIDK,0,0.1039356
625,CASSESVLGLNTEAFF,KLGGALQAK,0,0.08471261
626,CSARGGHQLVGNTIYF,GLCTLVAML,1,0.13726974
627,CSAREWAGHLYTF,YVLDHLIVV,0,0.066803865
628,CASSLTSEAYEQYF,GLCTLVAML,0,0.50887465
629,CASSQRGGTGEAFF,IVTDFSVIK,0,0.19088629
630,CASSRGPYEQYF,FLYALALLL,0,0.269205
631,CQQQWKWFHEHIF,RAKFKQLL,0,0.30822355
632,CASSLAPGATNEKLFF,NLVPMVATV,1,0.6558633
633,CASSMAPTCGVLQYF,SEPVLKGVKL,0,0.1675501
634,CASSHPGQGYSGGPSYEQYF,GLCTLVAML,0,0.07995444
635,CASELAGPEPQQYF,IMDQVPFSV,0,0.18073514
636,CSARQYVYHIQCFLFF,YLQPRTFLL,0,0.015933659
637,CASSQGLSGNYGYTF,VTEHDTLLY,0,0.17799845
638,CASRGDRTGELFF,YLLEMLWRL,0,0.091640055
639,CASGPPGRFTASYEQYF,RMFPNAPYL,0,0.034697082
640,CASSVPPNYFILFF,NQKLIANQF,0,0.15219785
641,CASSRHNWRYYQYF,FRCPRRFCF,0,0.021326419
642,CSVMEQTFKNWYFG,IPSINVHHY,0,0.11071495
643,CASRMVCMFFCSMYTF,NLVPMVATV,0,0.110477336
644,CASSYQEMESHSQYF,RLRAEAQVK,0,0.10390041
645,CASSFPEGETQYF,YLLEMLWRL,0,0.17242272
646,CASSPGGVGTINTGELFF,MLDLQPETT,0,0.12971808
647,CASSSQREGSYNEQFF,YLLEMLWRL,0,0.06325402
648,CASSLGPSSYEQYF,KTWGQYWQV,0,0.21416906
649,CASSPWPEQKCGQYF,CTELKLSDY,0,0.039551966
650,CASHRDRGYNEQFF,IPSINVHHY,0,0.0610038
651,CASSLEASGARDEQYF,NLVPMVATV,0,0.1966345
652,CASSDCIIKPLAQYF,GLCTLVAML,0,0.06961184
653,CASSDTTAEMKSQYF,AVFDRKSDAK,0,0.0959031
654,CASSGIPSGFAFF,FVDGVPFVV,0,0.13874185
655,CASSNEANDKRKFKLAFF,HTTDPSFLGRY,0,0.065368205
656,CASSMMMRIMMQYF,GMGPLLAMV,0,0.040172823
657,CSAPFKGNYIQYF,LLLDRLNQL,0,0.09388136
658,CASSILGTGQGYTF,RLRAEAQVK,0,0.13294356
659,CASSNDTSWASAWLQFF,RAKFKQLL,0,0.09354435
660,CASSLESVNTEAFF,SLFNTVATL,0,0.34245574
661,CASSGWVGPVGLWQFF,MEVTPSGTWL,0,0.08725054
662,CASSMRSAYEQYF,GILGFVFTL,1,0.98688114
663,CATMPQGFLRGNQYF,AVFDRKSDAK,0,0.022218646
664,CSARGEAAGGGGTDTQYF,QYDPVAALF,0,0.12305284
665,CATSTDRRRALTF,LLWNGPMAV,0,0.025550896
666,CASSQSPGGTQYF,GLCTLVAML,1,0.90565926
667,CASSCCYYNNETTQFF,GILGFVFTL,0,0.15916812
668,CASSQEASYNEQFF,KVAELVHFL,0,0.1864725
669,CASSHLCSPMMCHFYTF,VLEETSVML,0,0.11461781
670,CASSQSNYEQYF,RMFPNAPYL,0,0.23402381
671,CASSTQTGAGFYGYTF,NLVPMVATV,1,0.3677287
672,CASSLDVLRRKVTGQPQHF,ILKEPVHGV,0,0.055719018
673,CSAANRELNTEAFF,GLCTLVAML,1,0.058447886
674,CASRTGVHQYF,TPQDLNTML,0,0.06157726
675,CATSGGLSPSSYNEQFF,AYAQKIFKI,0,0.06754052
676,CASSVAGNEQFF,GLCTLVAML,1,0.65479034
677,CASSVVGGDEQFF,GLCTLVAML,1,0.4428453
678,CASSSPSGRGTGELFF,LLFGYPVYV,0,0.12781039
679,CASSEGNRYEQYF,IVTDFSVIK,0,0.21089211
680,CATSKVADLEQYF,KLGGALQAK,0,0.103590734
681,CASLLMRKQYF,YVLDHLIVV,0,0.07099293
682,CSVEHEGDWIEDLYTF,MLGEQLFPL,0,0.5378598
683,CASSGAGDYNEQFF,IVTDFSVIK,0,0.56318474
684,CASIRTSGGVVEQFF,RTLNAWVKV,0,0.103678964
685,CASSLQPGAVQFF,GILGFVFTL,0,0.04767293
686,CASNIINGASCAALFF,MLSILALVRV,0,0.14223522
687,CASSEVTGGNYGYTF,IMDQVPFSV,0,0.22498618
688,CATSFFANPAFF,KLGGALQAK,0,0.055659954
689,CASSTVMEYMQIDFQYF,KLSYGIATV,0,0.13396084
690,CTSVPAVYWAWETEAFF,GLCTLVAML,1,0.033816274
691,CASSVSLPSEAFF,KLQCVDLHV,0,0.20187598
692,CASSCSDQQEQYF,IVDTVSALV,0,0.29251996
693,CASPGTYGYTF,GILGFVFTL,0,0.23002705
694,CASLWLFAQDQYF,YVLDHLIVV,0,0.19323279
695,CASSLAESYEQYF,NLVPMVATV,0,0.7646569
696,CASSHMLRLVYWSIAFF,NLVPMVATV,0,0.07945438
697,CSARRWDYDPQCF,YVLDHLIVV,0,0.19499807
698,CASRHNIAGQQYF,KLGGALQAK,0,0.08308362
699,CASSYLRHNWVEPIYF,FLNGSCGSV,0,0.108679816
700,CASSLTGDGQPQHF,IVTDFSVIK,0,0.24394767
701,CSARQHMGFGQYF,GILGFVFTL,0,0.072073385
702,CASSIRAGEEQYF,GILGFVFTL,1,0.9708499
703,CASSPRTRDRGWGYTF,ILKEPVHGV,0,0.023890143
704,CASSQERAGTGGEKLFF,ELRRKMMYM,0,0.057741944
705,CASSIETSGIYNEQFF,RIAAWMATY,0,0.2756182
706,CASSTTHKQSLTQYF,KLGGALQAK,0,0.027027473
707,CASAIKRHAAQYF,KLWASPLHV,0,0.050510637
708,CATSMLRDSITTDTQYF,KLQCVDLHV,0,0.11664663
709,CSASANLHPLEKSQYF,KLSALGINAV,0,0.03640842
710,CASSFLSNTEAFF,YLLEMLWRL,0,0.38221064
711,CASSRQGLDEQYF,FLRGRAYGL,0,0.14028294
712,CSARVGYEQYF,KVAELVHFL,0,0.071420625
713,CASSDYKNTEAFF,LLFGYPVYV,0,0.20511259
714,CASSQAGGGTYEQYF,MLDLQPETT,0,0.06903409
715,CASSYLYFTGIAIF,HTTDPSFLGRY,0,0.42244208
716,CASSASSGGVSDTQYF,CLGGLLTMV,0,0.15054797
717,CASSVGGPSTDTQYF,RMFPNAPYL,0,0.07873006
718,CASSLGGGAYEQYF,FLYALALLL,0,0.27538767
719,CASSHKSTAQSEVHNQYF,TLIGDCATV,0,0.042626284
720,CASSYGAPGNTIYF,IVTDFSVIK,0,0.15662979
721,CASSLRLRLAGAEQFF,KLGGALQAK,0,0.05352926
722,CSVGTGGTNEKLFF,GLCTLVAML,1,0.51884544
723,CASSARKGINAPLFF,FLPRVFSAV,0,0.021735884
724,CASSEPLYKYQYF,TTDPSFLGRY,0,0.09406681
725,CATSGMDCNDFIQFF,YVLDHLIVV,0,0.31098348
726,CATSDSGTSGVNEQFF,GLCTLVAML,0,0.041894253
727,CASSEFLFMHQVQYF,NLVPMVATV,0,0.1082702
728,CASRSSGNTIYF,RPPIFIRRL,0,0.045162734
729,CSVIGLITDTQYF,IPSINVHHY,0,0.08277665
730,CASSPKGPRDRVDEQYF,CLGGLLTMV,0,0.039001014
731,CASSQCNYGNWQYF,GLCTLVAML,0,0.1333947
732,CASSADHYTRNLTVLFF,IPRRNVATL,0,0.08889907
733,CASKDLAGPKNIQYF,GILGFVFTL,1,0.17482792
734,CASSVDGRVNEQYF,MLDLQPETT,0,0.03653814
735,CRARIEIFNRDLFF,GLCTLVAML,0,0.14531657
736,CSARWGVGNTIYF,GLCTLVAML,1,0.33624628
737,CASSFTKMFPAIQYF,KLGGALQAK,0,0.04513658
738,CSGSWRHHIYF,KLGGALQAK,0,0.021039773
739,CASSLRASYEQYF,KVAELVHFL,0,0.31942597
740,CASSPGRSNEQFF,ELRRKMMYM,0,0.091425166
741,CASSELECYFWKSLFF,FVDGVPFVV,0,0.03618624
742,CSAMLREVYPGELFF,GLCTLVAML,1,0.16892162
743,CASSLVDENTEAFF,RPPIFIRRL,0,0.40627024
744,CASSNIEMMGNMQFF,FLNGSCGSV,0,0.23546219
745,CASSYGTSPYEQYF,RLRAEAQVK,0,0.139843
746,CASGDLAGGYNEQFF,RTLNAWVKV,0,0.26137695
747,CASATGWVNTKYTF,RAKFKQLL,0,0.07224692
748,CASWDRGYNEQFF,RLRAEAQVK,0,0.06913655
749,CASSYQTGASYGYTF,NLVPMVATV,1,0.63579667
750,CASSHHHHQAITWEQYF,HTTDPSFLGRY,0,0.04453929
751,CASGEPVRGQGMSTEAFF,RTLNAWVKV,0,0.11669352
752,CASSLEGYTEAFF,NLVPMVATV,1,0.52195007
753,CASSLEGRGDAGELFF,RIAAWMATY,0,0.22225124
754,CASGYIWKPIDQFF,HTTDPSFLGRY,0,0.17151023
755,CASTDWTDDNHPAFF,ELAGIGILTV,0,0.058652025
756,CASSSQGSGYTF,QYDPVAALF,0,0.17637658
757,CASSQYDEVIATMVQYF,IPRRNVATL,0,0.22049461
758,CASSPTQGAGDTQYF,CYTWNQMNL,0,0.21121319
759,CASSSIAGNEQFF,NLVPMVATV,0,0.45108488
760,CASTSANTGELFF,AYAQKIFKI,0,0.3128606
761,CASSNRGQSHEQYF,ILKEPVHGV,0,0.08592339
762,CATSRTGTYGYTF,RMFPNAPYL,0,0.06966464
763,CASSKDPHGAHQYF,FVDGVPFVV,0,0.056119222
764,CASRYDYKRRAFF,SLLMWITQV,0,0.020412972
765,CASSNQGYTEAFF,NLVPMVATV,1,0.21309413
766,CASSNDTNLYEQYF,FVDGVPFVV,0,0.22000109
767,CASSARQGARRWEAFF,IVTDFSVIK,0,0.05992337
768,CASSFRGSTEAFF,YLLEMLWRL,0,0.111375965
769,CATSYPHGQRIWYTF,GILGFVFTL,0,0.0613973
770,CASSWTGLVETQYF,VTEHDTLLY,0,0.6986762
771,CSARDHERTSGGYNEQFF,CLGGLLTMV,0,0.11524352
772,CASSVTGVDEQYF,GILGFVFTL,1,0.49471605
773,CASTIKSYNCWQYF,LLWNGPMAV,0,0.017919099
774,CASSFDGETQYF,RTLNAWVKV,0,0.35297787
775,CASSLGTGGYEQYF,SLLMWITQV,0,0.43896818
776,CASSQSHATHFQFF,FVDGVPFVV,0,0.10988123
777,CTSVPGGLAGGPTADIQYF,RPPIFIRRL,0,0.06958443
778,CASSAETIMMLNHVLGQYF,KLGGALQAK,0,0.09058879
779,CASSIRSDSPLHF,GILGFVFTL,1,0.943159
780,CASSFQLPDTQYF,RPPIFIRRL,0,0.13555726
781,CSADPEQLRGTEAFF,GLCTLVAML,1,0.071728356
782,CASTLPGTANTGELFF,KVLEYVIKV,0,0.16497022
783,CSARKWASQYF,KLGGALQAK,0,0.017649125
784,CASLSEVRLDQFF,LLFGYPVYV,0,0.09407927
785,CASSAYKQLEYYTF,FLPRVFSAV,0,0.14311026
786,CASSVTGVDEQFF,GILGFVFTL,1,0.5531524
787,CASSPDGSAPFYGYTF,RLRAEAQVK,0,0.11610683
788,CASSKEIEFQYF,GLCTLVAML,0,0.14956096
789,CASSVTGDYEQYF,NLVPMVATV,1,0.54582715
790,CSARCSIPPLYPYTF,KLGGALQAK,0,0.04985204
791,CSVGQDGTNEKLFF,GLCTLVAML,1,0.7365185
792,CASRAFQAPYF,NLVPMVATV,0,0.08998555
793,CASRGGTYEQYF,FLRGRAYGL,0,0.030657424
794,CASSFQLDISGNEQFF,GILGFVFTL,0,0.06556557
795,CASGGTAKWEAFF,IPSINVHHY,0,0.06640038
796,CASSMFDDCMVTLTQYF,RQLLFVVEV,0,0.28415364
797,CASSVGFLTVGDEQFF,GLCTLVAML,1,0.14025979
798,CASSQTQRCRMQYF,NLVPMVATV,0,0.12252866
799,CASSLGNYEQYF,CLGGLLTMV,1,0.5216925
800,CASSLGQMNTEAFF,QPRAPIRPI,0,0.13884917
801,CATSTKFNYSQYF,GILGFVFTL,0,0.09490411
802,CASSPLAGGPLDEQYF,KLQCVDLHV,0,0.25900635
803,CAWGEGGVQETQYF,SLLMWITQV,0,0.02336626
804,CASSLRGGLGPQETQYF,QYDPVAALF,0,0.12691236
805,CASSVTIGAQWKLFF,NLVPMVATV,0,0.05672447
806,CASRESDGNNEKLFF,FLYALALLL,0,0.123581216
807,CASSKAVAWRIQFF,FVDGVPFVV,0,0.049941074
808,CASRWRTQLPLFF,GCQEICPAC,0,0.036710117
809,CASSLVLGTGGLETFSTSAP,VTEHDTLLY,0,0.32767308
810,CASSNQDNCHLDQYF,QYIKWPWYI,0,0.4198976
811,CASRRTGGVGDTQYF,GLCTLVAML,1,0.009062031
812,CASSERQGSPEAFF,NLVPMVATV,0,0.071455285
813,CSVSGTDYNEQFF,GLCTLVAML,1,0.527972
814,CASSELEGAEQYF,LLWNGPMAV,0,0.2628136
815,CASREGGSTDTQYF,IVTDFSVIK,0,0.21080554
816,CAMLVGGRYTF,CYTWNQMNL,0,0.10682639
817,CASSLYYNRPQRQYF,LLWNGPMAV,0,0.09228082
818,CASSAIDVEAQAFF,NLVPMVATV,0,0.12952575
819,CASSQGASGYLLHSDTQYF,KVAELVHFL,0,0.05947665
820,CSASSGVSYEQYF,AYAQKIFKI,0,0.111827746
821,CASSSGFDLGACNKQHF,GILGFVFTL,0,0.10096706
822,CASSQAPTGSETQYF,ELRRKMMYM,0,0.14940299
823,CASSFGRRGLDKNIQYF,KLQCVDLHV,0,0.04456448
824,CASSFPGLISYNEQFF,VTEHDTLLY,0,0.17897134
825,CASRGCKFGHWQLFF,YVLDHLIVV,0,0.048303146
826,CASSVVGSGMSTGELFF,SLLMWITQV,0,0.11242838
827,CASSCKVSDLMPKYTF,IVTDFSVIK,0,0.10110996
828,CASSHIQAQYQYF,AARAVFLAL,0,0.15710871
829,CASSLRTSGIHEQYF,RLRAEAQVK,0,0.07840718
830,CASSLQLTMDTF,KLGGALQAK,0,0.22137213
831,CASSNEQKAIHYNCAQFF,FVDGVPFVV,0,0.106876396
832,CASSVGGTGGNGELFF,CLGGLLTMV,0,0.18790409
833,CASSHEWSSWMLFF,KLGGALQAK,0,0.13818394
834,CASSEVGAVNQETQYF,FLRGRAYGL,0,0.16151728
835,CATDGPLKGGAYNEQFF,LLFGYPVYV,0,0.20150362
836,CASGHPVKIAFF,GLCTLVAML,0,0.064239666
837,CASSNTEDMDDQFF,YVLDHLIVV,0,0.34658003
838,CASSQVSGGFGNTIYF,YLLEMLWRL,0,0.11738729
839,CASSPGGNLFF,RLDKVEAEV,0,0.22229737
840,CASRPAGLAYEQYF,MLDLQPETT,0,0.050099246
841,CASSVAQLAGGTDTQYF,GLCTLVAML,1,0.33783853
842,CASSKELSNTLHIAFF,YVLDHLIVV,0,0.22607248
843,CASSCKTPGMFGQHF,GLCTLVAML,0,0.11943187
844,CASSGYWNQFF,KVYPIILRL,0,0.047829755
845,CASSQQVGLGENEQFF,GLCTLVAML,1,0.28103536
846,CAGRENLCTGPQYF,YVLDHLIVV,0,0.14537153
847,CASSRNGAWVSMPQHF,RISNCVADY,0,0.029112965
848,CSARWDRHWIQYF,YVLDHLIVV,0,0.02783255
849,CASSAGQLAGGPDTQYF,GLCTLVAML,1,0.3144245
850,CASSPGTNEQFF,IVTDFSVIK,0,0.5578634
851,CSAIGSYEQYF,SLFNTVATL,0,0.16889387
852,CASSLMHCFFMQYF,KLGGALQAK,0,0.119601555
853,CASSSLFWMFWMYTF,KAYNVTQAF,0,0.05947224
854,CASSLFRIQYF,KLSYGIATV,0,0.16761291
855,CASSWMMKSEYNEQHF,KLGGALQAK,0,0.07709917
856,CASSKNKIQTADQYF,KLGGALQAK,0,0.034829687
857,CASSQESASVEQFF,RLRAEAQVK,0,0.17305438
858,CSLTQCVWERSYSHKSIF,YVLDHLIVV,0,0.36132342
859,CSARTGVGNTIYF,GLCTLVAML,1,0.48844573
860,CSVEYAYEQYF,AYAQKIFKI,0,0.3538197
861,CASTYKAIDFFPFLIYTF,KLGGALQAK,0,0.071756005
862,CASSWQFELNQYF,LLWNGPMAV,0,0.047453485
863,CASSFNGEWVVTQFF,FLNGSCGSV,0,0.101253055
864,CSAQQGRGGYEQYF,YLLEMLWRL,0,0.04564489
865,CASSPMQKPWCQYV,KLGGALQAK,0,0.037646104
866,CASTFQLQMRWEIQYF,HTTDPSFLGRY,0,0.08891577
867,CASSVSWELAQYF,GILGFVFTL,0,0.06425292
868,CASSLGHSHNEQFF,LLFGYPVYV,0,0.16198479
869,CASSHQFEFKYTF,KLGGALQAK,0,0.058477927
870,CSAVGGAISYEQYF,GLCTLVAML,1,0.08297575
871,CASSHYMPDQQYF,FLNGSCGSV,0,0.24561009
872,CASSAYVRPCEHQFF,CRVLCCYVL,0,0.11085577
873,CASSPPGRASYEQYF,RMFPNAPYL,0,0.057122923
874,CASKYTIQKAEMCQHF,KLGGALQAK,0,0.05968537
875,CASSWVVQETQYF,QYDPVAALF,0,0.1539523
876,CAVGWDMEWPLIF,GILGFVFTL,0,0.47241378
877,CASSSGVSRNTHMIFQFF,KLGGALQAK,0,0.05663788
878,CASSPQTGGINQPQHF,CLGGLLTMV,0,0.26359597
879,CASSPIYMMWPLFF,FVDGVPFVV,0,0.07190795
880,CASRVGLADTGELFF,NLVPMVATV,0,0.15245706
881,CASSKDRLEGTF,GILGFVFTL,0,0.078419626
882,CASSVNHQLMMRRQYF,NLVPMVATV,0,0.05365904
883,CASSQDPPGTEGDEQYF,KLGGALQAK,0,0.23194699
884,CASSRPGTGELFF,IPSINVHHY,0,0.21534273
885,CAISGDKDAEEHIQYF,YVLDHLIVV,0,0.17776883
886,CASSLGASGHEQFF,GLCTLVAML,1,0.34184587
887,CASSVDGSTYNEQFF,GILGFVFTL,1,0.27821916
888,CAISEGTSGLETQYF,RPPIFIRRL,0,0.13834728
889,CASSCSPAQMMQFF,KLWAQCVQL,0,0.07494921
890,CASAGRSTGELFF,GILGFVFTL,1,0.5503606
891,CASTEGSGGRIEQFF,VTEHDTLLY,0,0.12981129
892,CDGSQEWINCWIHWLFF,YVLDHLIVV,0,0.10151331
893,CASSPPRGGAQETQYF,CLGGLLTMV,0,0.07638082
894,CASSFSGGALAEQFF,NLVPMVATV,1,0.27286696
895,CASSYQATPKRQYF,FVDGVPFVV,0,0.067301296
896,CASSFRSSYEQYF,GILGFVFTL,1,0.9409131
897,CASSEKGGRETQYF,QPRAPIRPI,0,0.039657567
898,CSVEEPTNYGYTF,IMDQVPFSV,0,0.38712525
899,CASSPRIHWETQYF,RPPIFIRRL,0,0.023644034
900,CASSMKIGGFKRQMQYF,YVLDHLIVV,0,0.062464673
901,CASSQGTSGFWQFF,KLQCVDLHV,0,0.101248905
902,CALNREVWFMMQFF,FLCMKALLL,0,0.05594012
903,CASSQPICTCLFF,TTDPSFLGRY,0,0.107245125
904,CASSLWGAGQPQHF,KLGGALQAK,0,0.16557617
905,CASSWIWYGEYHQYF,QIKVRVDMV,0,0.075344905
906,CASSETAGGPDTQYF,GILGFVFTL,1,0.2444212
907,CASSQRWKCYSHQHF,NLVPMVATV,0,0.042314705
908,CASNSGTYGYTF,RTLNAWVKV,0,0.055283852
909,CSVRGQGDEQFF,GLCTLVAML,1,0.5832554
910,CASSLAYYLAGVEETQYF,YLLEMLWRL,0,0.22778136
911,CASSSLDSYQPQHF,SLLMWITQV,0,0.30356205
912,CATSRDRGTGSNEQFF,RPPIFIRRL,0,0.11432873
913,CASSLEFNSEYF,CYTWNQMNL,0,0.33039528
914,CASSIRSTDTQYF,GILGFVFTL,1,0.995452
915,CASSECLDMNYTF,GLCTLVAML,0,0.10791805
916,CASSPVSQGANSGNTIYF,LLFGYPVYV,0,0.10550629
917,CSARELCAQLQGQYF,NLVPMVATV,0,0.18950324
918,CASSPEEMTPMVQYF,NQKLIANQF,0,0.20621912
919,CASSPVAGLTLYLEAFF,GLCTLVAML,0,0.10012246
920,CASSHPSWGDTNTDTQYF,KVLEYVIKV,0,0.0844139
921,CASEAGELFF,KTWGQYWQV,0,0.30580303
922,CASSLDGAMNEQYF,NLVPMVATV,0,0.35818446
923,CASSPEAGNQPQHF,RLRAEAQVK,0,0.123489
924,CASSLGGGAYEQYF,QYDPVAALF,0,0.2068146
925,CASNYGDNYCPQHF,NLVPMVATV,0,0.23162211
926,CASSTQTGSGYTF,ILKEPVHGV,0,0.09086549
927,CASSFRGGTDTQYF,KLQCVDLHV,0,0.11541294
928,CASSESTDEKLFF,NLVPMVATV,1,0.111486144
929,CASSQDNTMVGTEAFF,SLLMWITQV,0,0.15094173
930,CASSLRDRGHEQYF,VTEHDTLLY,0,0.06599503
931,CACGFTVGLPNEKLFF,GILGFVFTL,0,0.036874235
932,CASSLAPGTTNEKLFF,NLVPMVATV,1,0.53779936
933,CASSIVSIWEFQYF,HTTDPSFLGRY,0,0.15183035
934,CASRAYMQQYF,SLFNTVATLY,0,0.10246043
935,CASSIFGGAETQYF,GILGFVFTL,1,0.9336853
936,CSVWQLWIRYTF,GLCTLVAML,0,0.09915256
937,CASSYQTGANYGYTF,NLVPMVATV,1,0.5985447
938,CASSKERCNWDLLFF,KLGGALQAK,0,0.082705624
939,CKTTYGTGDSNQPQHFF,GILGFVFTL,1,0.036836058
940,CASSWEISGTKADTQYF,GLCTLVAML,0,0.020006275
941,CASSWKWEEVEAF,LPPIVAKEI,0,0.92150575
942,CASSHPLAEQYF,RMFPNAPYL,0,0.37251604
943,CASSAFDYNSQYF,HTTDPSFLGRY,0,0.24114193
944,CASSQVVCQTAMLEQYF,FLNGSCGSV,0,0.1032716
945,CASSFGGGQSEQYF,NLVPMVATV,1,0.24790801
946,CASSIECYILWVQYF,KAYNVTQAF,0,0.15484838
947,CSGLGTGAPYEQYF,ELRRKMMYM,0,0.1578064
948,CASSYGQQETQYF,GLCTLVAML,1,0.42799804
949,CASSQEWSGLAQPQHF,RIAAWMATY,0,0.16160466
950,CAWSVLVGGANTGELFF,IPSINVHHY,0,0.013014125
951,CASSTTRQGMDYEQYF,VTEHDTLLY,0,0.06651188
952,CASSFGGASYGYTF,RPPIFIRRL,0,0.13660912
953,CASSKQGNYEQYF,GLCTLVAML,0,0.2195532
954,CASSAIHDCCSQQYF,NLVPMVATV,0,0.25716376
955,CSVGAGGTNEKLFF,GLCTLVAML,1,0.5471294
956,CASFCRQGDYRQYF,GPGHKARVL,0,0.19129892
957,CASSVAVQGAYNEQFF,AYAQKIFKI,0,0.10094923
958,CSARPLGNYGYTF,IMDQVPFSV,0,0.1391513
959,CASRRTTESTHGYTF,IMDQVPFSV,0,0.060008183
960,CASSPSPLTSDGYTF,KVAELVHFL,0,0.14751805
961,CASSPPARSYNEQFF,QPRAPIRPI,0,0.050499994
962,CASSDTGAGGNEQFF,GILGFVFTL,0,0.19594146
963,CASSQDAQGGYEQYF,SLFNTVATL,0,0.28675193
964,CASSRLTSTDTQYF,FLRGRAYGL,0,0.08466634
965,CASSWLPYELQYF,FVDGVPFVV,0,0.2302889
966,CASSLGQGQVNSPLHF,QYDPVAALF,0,0.060903866
967,CASSYGGYTEAFF,LLFGYPVYV,0,0.11286518
968,CASSMFGNQPQHF,GILGFVFTL,1,0.9342125
969,CASSPVGLAGGALLYNEQFF,ILKEPVHGV,0,0.05952346
970,CASSVVYDPKCVQYF,RAKFKQLL,0,0.19797556
971,CSARPSHSYEQYF,ILKEPVHGV,0,0.054141916
972,CSVLGSGEMQYF,YVLDHLIVV,0,0.57644933
973,CASSSDPGQGASYNEQFF,IVTDFSVIK,0,0.19259179
974,CSVGGTTYGYTF,GLCTLVAML,1,0.5237004
975,CASSTRSSYEQYF,GILGFVFTL,1,0.9785799
976,CSVEAQALFGQYF,KLSYGIATV,0,0.19162428
977,CASSGLGQENYGYTF,KVLEYVIKV,0,0.15126115
978,CASRNPPSVALQFF,RPRGEVRFL,0,0.051808093
979,CASSFDPWLNNDQFF,KLGGALQAK,0,0.16508465
980,CASTEEIEMWPQYF,YVLDHLIVV,0,0.17118904
981,CASSVDGEMDIHQYF,VLWAHGFEL,0,0.06991713
982,CASSRPGLAGDFGTDTQYF,KVAELVHFL,0,0.09689569
983,CASSIGLHYEQYF,KVAELVHFL,0,0.17566957
984,CASSVCAYIWWATQYF,KLGGALQAK,0,0.044917516
985,CASSYSRDSPINAYTQYF,ELRRKMMYM,0,0.14104083
986,CSVEFYRGDAFKQYF,NLVPMVATV,0,0.16162403
987,CASNKGEETQYF,ELRRKMMYM,0,0.083785
988,CASSLGGWGADTEAFF,CYTWNQMNL,0,0.16236834
989,CATRYVAWLQCGYTF,KLGGALQAK,0,0.030546078
990,CSVPGTVLSEQFF,GLCTLVAML,1,0.60558975
991,CASNQGRVIPGELFF,GLCTLVAML,1,0.38937104
992,CASSQEVGPEAFF,GILGFVFTL,1,0.24744315
993,CASSGLELNSHMILLFF,HTTDPSFLGRY,0,0.1941577
994,CASGGQVGTQYF,SLFNTVATL,0,0.09574062
995,CASSEVSTDTQYF,VTEHDTLLY,0,0.12919143
996,CASSWKWECMQFF,LLWNGPMAV,0,0.041144084
997,CASSKEIEEKYTF,ELAGIGILTV,0,0.09428463
998,CASSPLIAGGPNNEQFF,IMDQVPFSV,0,0.33128348
999,CASSHLLGQGYEQYF,ELRRKMMYM,0,0.18951134
1000,CASTQLYRGVAADTQYF,FLRGRAYGL,0,0.07396679
1001,CASSFQEKNKYTF,KLGGALQAK,0,0.022418266
1002,CASSQHRDREDNEQFF,IMDQVPFSV,0,0.1824177
1003,CASRTGWGQPQHF,QYDPVAALF,0,0.0395097
1004,CASSAQWDSVKLFF,RLRAEAQVK,0,0.040042713
1005,CASSHQPLMNTEAFF,GILGFVFTL,0,0.059035107
1006,CSVGPRVIIPQFF,RAKFKQLL,0,0.15689014
1007,CASSEMGQATSGANVLTF,KTWGQYWQV,0,0.023008956
1008,CASSWAAVANLQYF,FLNGSCGSV,0,0.19579552
1009,CASSLSLGTLNYEQYF,GILGFVFTL,0,0.04938393
1010,CASSLLGQPSGYTF,GILGFVFTL,1,0.15273368
1011,CASSLYLGVGETQYF,KVAELVHFL,0,0.25896612
1012,CASSAKFDHERIYF,KLGGALQAK,0,0.051949497
1013,CASSAERHQYF,KLSYGIATV,0,0.12451512
1014,CASTLLGGAGYNEQFF,NLVPMVATV,1,0.29095334
1015,CATSRGESYTETQYF,QYDPVAALF,0,0.054574873
1016,CASSFTSGTTDTQYF,GLCTLVAML,1,0.17398912
1017,CASSYSLAGGYNEQFF,IPSINVHHY,0,0.11762988
1018,CASSPGPNNQPQHF,GLCTLVAML,0,0.46686605
1019,CSARRDKYNNHSF,GLCTLVAML,0,0.27478117
1020,CASSVAAVSDMWLHF,FVDGVPFVV,0,0.07569382
1021,CASSIVGQGAHNEQFF,IVTDFSVIK,0,0.356742
1022,CASSGMCLDDEIQFF,GTSGSPIINR,0,0.24051641
1023,CASSEWAPASPRETQYF,QPRAPIRPI,0,0.10765882
1024,CASSQDQGTYEKLFF,VTEHDTLLY,0,0.12109716
1025,CASSLKEVLSSWEQYF,NLVPMVATV,0,0.09106005
1026,CASSYQTGAAYGYTF,NLVPMVATV,1,0.67908037
1027,CATSQRNGTDVQYF,KLGGALQAK,0,0.11030686
1028,CASSDVTLQGLDNQKAYF,YVLDHLIVV,0,0.12263982
1029,CASSVDNGATYEQYF,RPPIFIRRL,0,0.120165855
1030,CACSAHWQPFQYF,GILGFVFTL,0,0.06492218
1031,CASSQWFISGSQYF,LTDEMIAQY,0,0.052764345
1032,CASSNHKRAYQYF,QECVRGTTVL,0,0.021717545
1033,CASSLLFGSPLHF,GILGFVFTL,1,0.23573273
1034,CASSQGWTAEAFF,KLGGALQAK,0,0.13847011
1035,CASRTSGRVGWEQYF,RLRAEAQVK,0,0.09039916
1036,CASSLRRAGVSYEQYF,SLLMWITQV,0,0.0691133
1037,CASSLSLTAGELDTQYF,ELRRKMMYM,0,0.3216344
1038,CASSSHNNDEHQYF,KAFSPEVIPMF,0,0.19287567
1039,CASSLVVSGGADVEETQYF,RTLNAWVKV,0,0.15309891
1040,CASSAMCGQIQHQFF,FLNGSCGSV,0,0.1765049
1041,CASSVSGQGAEEQYF,FLRGRAYGL,0,0.19684844
1042,CSARKTIGNQYF,YVLDHLIVV,0,0.03932033
1043,CASSVVGPPQQYF,HTTDPSFLGRY,0,0.13463347
1044,CASSIGLGLAGDNEQFF,AYAQKIFKI,0,0.17226022
1045,CASSQPTPHLLNQALHF,TPRVTGGGAM,0,0.12828462
1046,CASSTRSQETQYF,GILGFVFTL,1,0.9391066
1047,CASSYSGGNEQFF,KLQCVDLHV,0,0.26055154
1048,CASSCMHNDMNSQFF,KLGGALQAK,0,0.15048611
1049,CASTKCNWVLFF,HTTDPSFLGRY,0,0.04054231
1050,CASSKTSATFAFF,KLSALGINAV,0,0.1220789
1051,CASSIAFWVGQYF,NLVPMVATV,0,0.08481811
1052,CSVDECQLFFQYV,HTTDPSFLGRY,0,0.23042573
1053,CASSIFEVSDQPQHF,RIAAWMATY,0,0.45586848
1054,CASASGTGFHEQYF,QPRAPIRPI,0,0.0836247
1055,CASRRGESYNEQFF,IPSINVHHY,0,0.074382365
1056,CSVGWAFYILQLF,YVLDHLIVV,0,0.72799075
1057,CASGDEGFLINQPQHF,GLCTLVAML,1,0.09451275
1058,CASSISALDEQYF,GILGFVFTL,1,0.5192838
1059,CSARELLGLAKNIQYF,KVLEYVIKV,0,0.20484722
1060,CASSPLVRGVYQETQYF,LLFGYPVYV,0,0.13789411
1061,CASSFKQQIKWHLHF,KLGGALQAK,0,0.035376623
1062,CASSMSSRCKMQYF,HTTDPSFLGRY,0,0.035736836
1063,CASSFAHHEWQYF,VPMEKFKTL,0,0.13436082
1064,CATTTTSVVGQPQHF,IPSINVHHY,0,0.046180967
1065,CASSCGWLSLMQFF,FVDGVPFVV,0,0.070786804
1066,CASSYRSRVGEQYF,SLLMWITQV,0,0.04328691
1067,CASSLGGQYMNTEAFF,FLRGRAYGL,0,0.065596364
1068,CGIYANCRCFFPQGLTF,YVLDHLIVV,0,0.10699302
1069,CAMRGANYNEQFF,KVAELVHFL,0,0.1098297
1070,CASAHFKPLCQYF,GLCTLVAML,0,0.07430946
1071,CASSFLPPPTELETQYF,SLFNTVATL,0,0.13756022
1072,CASSGYDNALYTF,KLGGALQAK,0,0.13674137
1073,CASSLAGTSGYEQYF,QYDPVAALF,0,0.16850549
1074,CASSYGGLSYEQYF,CLGGLLTMV,1,0.2723455
1075,CASSSVSGWEF,NLVPMVATV,1,0.78438467
1076,CSARDRTGNGYTF,GLCTLVAML,1,0.7913087
1077,CASSTGQLAPGEQFF,GLCTLVAML,1,0.6075091
1078,CASNSYNEQFF,RPPIFIRRL,0,0.2697706
1079,CASGLLTGGHDTQYF,IPSINVHHY,0,0.17845848
1080,CASSPGAVSIGNTIYF,GLCTLVAML,1,0.33534157
1081,CASSIRAAYEQYF,GILGFVFTL,1,0.98311824
1082,CASSKRWWRYCTQYF,HTTDPSFLGRY,0,0.017231962
1083,CASSGPIYVVDYSGQYF,KLSYGIATV,0,0.06413345
1084,CASSSKGWLHQYF,KLGGALQAK,0,0.07306309
1085,CASSIIYSFYTF,KLGGALQAK,0,0.13862424
1086,CASSAGTGGSDTQYF,KVLEYVIKV,0,0.15425417
1087,CASSMWHALCRCQYF,KLGGALQAK,0,0.074443005
1088,CASSTDRNTDTQYF,CYTWNQMNL,0,0.19940114
1089,CASSNTGGSEAFF,KVLEYVIKV,0,0.21707481
1090,CSARDTCFWLVYQYF,HTTDPSFLGRY,0,0.022923518
1091,CAISDGQGVWTDTQYF,ELRRKMMYM,0,0.18744855
1092,CASTFLAYSNVYIMQFF,GLCTLVAML,0,0.11880128
1093,CSARDGDYGYTF,KVLEYVIKV,0,0.13619368
1094,CASSPGQGGQPQHF,KLQCVDLHV,0,0.20708571
1095,CASSLPGQGSYNEQFF,GILGFVFTL,0,0.13112262
1096,CASSVMMVETWMFFQYF,KLGGALQAK,0,0.08166066
1097,CASSGFHDIDSNHQFF,KLGGALQAK,0,0.1992484
1098,CSARVFQDDDNTRSSWQYF,NLVPMVATV,0,0.10794777
1099,CATSEGTVSNQPQHF,NLVPMVATV,0,0.1620296
1100,CASSVRAIMYQYF,KAFSPEVIPMF,0,0.055896822
1101,CASAQVMDHFNLFF,VSDGTHWFV,0,0.06670802
1102,CASSSSGGIHEQYF,RIAAWMATY,0,0.24949463
1103,CASSIRSTGELFF,GILGFVFTL,1,0.99298465
1104,CASSFYSGAQETQYF,ILKEPVHGV,0,0.3046132
1105,CSARRENTIYF,CYTWNQMNL,0,0.05128729
1106,CASTPHLERGAYGQYF,KLGGALQAK,0,0.034763046
1107,CATSRGEGGMSNQPQHF,RTLNAWVKV,0,0.06619108
1108,CASSYWGGKSTEAFF,GILGFVFTL,1,0.02647244
1109,CAGGPSAYEQYF,YLLEMLWRL,0,0.20242645
1110,CASSDFDVNQKVQHF,KLGGALQAK,0,0.090502486
1111,CASSLGGDYGYTF,KTWGQYWQV,0,0.08738636
1112,CASSSSFPGGGNEQFF,NLVPMVATV,1,0.14986472
1113,CASNLPSSYLVNLHF,KLGGALQAK,0,0.07714147
1114,CATSMRGQNKSNQYF,FLNGSCGSV,0,0.057304326
1115,CASSMRSTDTQYF,GILGFVFTL,1,0.98697114
1116,CASSFSPAQGAFF,RPPIFIRRL,0,0.07558691
1117,CATSDPRGTGESTDTQYF,IMDQVPFSV,0,0.07336551
1118,CSYQESSYGYTF,GLCTLVAML,1,0.4034267
1119,CASREGYEQYF,KLQCVDLHV,0,0.16137792
1120,CASSNQMDKCLFF,FLNGSCGSV,0,0.13929327
1121,CASSDLHHPHMAHPQYF,NLNESLIDL,0,0.063267685
1122,CSASYVRLLQYF,RLRAEAQVK,0,0.03743709
1123,CASSVIYALFQYF,KAYNVTQAF,0,0.12682661
1124,CASSQEGLAGNEQFF,RTLNAWVKV,0,0.40411562
1125,CAISLVWFTVKIQFF,VLAWLYAAV,0,0.05268091
1126,CASSLSTGTSYGYTF,NLVPMVATV,1,0.43985534
1127,CASSDAGNFQHNQYF,FKDNVILLN,0,0.101512134
1128,CASRHPITNTEQQYF,HTTDPSFLGRY,0,0.18515964
1129,CASSLFGGGGTEAFF,IPSINVHHY,0,0.2584958
1130,CASSTNNHCKRQHF,FLYNLLTRV,0,0.08306951
1131,CASSTRGSGEQFF,GILGFVFTL,1,0.6070451
1132,CASSLTANTEAFF,GLCTLVAML,0,0.578269
1133,CAISDDRQTYEQYF,GLCTLVAML,1,0.03513273
1134,CASCVRNSWMELQHF,YVLDHLIVV,0,0.08757969
1135,CASSSGYNEQFF,RMFPNAPYL,0,0.21633077
1136,CASRLDSTDTQYF,IVTDFSVIK,0,0.104964055
1137,CAWSCRWDRTMLANQYV,KLGGALQAK,0,0.06540573
1138,CASSWMNIMGRETIYF,QASQEVKNW,0,0.15038097
1139,CASRGAWGEKLFF,ELRRKMMYM,0,0.024674041
1140,CASSLEWQTGELFF,QPRAPIRPI,0,0.28918996
1141,CAWSEHSANSFQFS,YVLDHLIVV,0,0.083371766
1142,CSVWQTIGMIDLFF,GLCTLVAML,0,0.09943368
1143,CASSFIPYGQRIQHF,SLYNTVATL,0,0.11677885
1144,CASSQAWSDSVMGQPQHF,FLYALALLL,0,0.2568802
1145,CASRPPVRSDEQFF,CYTWNQMNL,0,0.11876433
1146,CASSLGDTGELFF,RPPIFIRRL,0,0.5255438
1147,CASDIDRGIDQPQHF,KTWGQYWQV,0,0.17633075
1148,CASSFNKKPSETQYF,KLGGALQAK,0,0.030868223
1149,CASSRAACFAHQYF,LPRRSGAAGA,0,0.10617381
1150,CSANRAGAGSSTQYF,MLDLQPETT,0,0.012219483
1151,CASSWGDWWVGCCIQYF,KLSYGIATV,0,0.2004774
