CDR3b,peptide,binder,y_pred,y_prob
CASSPDRETQYF,CLGGLLTMV,0,0,1.15655674e-14
CASSFVNDNQYF,NEGVKAAW,0,0,7.8562806e-08
CASSLEWGYANAFF,IMNDMPIYM,0,0,1.9573918e-09
CASSDPHGKSHQFF,AVFDRKSDAK,0,0,1.5046506e-17
CASSHRSIQLFF,NLVPMVATV,0,0,1.8756308e-10
CASSSLFDPDVLFF,GTSGSPIVNR,0,0,1.9408042e-20
CASGYPFVVVNNLFF,HTTDPSFLGRY,0,0,6.324096e-39
CASSFNKMVWDMKLQHF,KLSYGIATV,0,0,0.0
CASSEDMDNPCQFF,HTTDPSFLGRY,0,0,0.0
CAWSMQYQAPFF,GLCTLVAML,0,0,3.4557124e-22
CASSEHWMYDVQEQPNQYF,KLGGALQAK,0,0,1.8406835e-32
CASRGCNFDIVQYF,AVFDRKSDAK,0,0,1e-45
CASSNAEMVNFWLFF,AVGSYVYSV,0,0,1.42775e-40
CISVPVTTGTERTDTQYFF,GLCTLVAML,1,0,4.186014e-12
CASSLRRTGYEQYF,YLLEMLWRL,0,0,1.449501e-23
CASSMLAGGLNEQFF,GILGFVFTL,1,1,0.9999659
CASSEPLADVQFF,GLCTLVAML,0,0,6.9457655e-17
CASTGGGGNEQFF,ILKEPVHGV,0,0,7.630781e-19
CASSYSSGGADTQYF,CLGGLLTMV,0,0,2.7300896e-13
CASSNEDVIAYTF,HTTDPSFLGRY,0,0,3.3130216e-30
CASSQTSKMGTNQYF,CINGVCWTV,0,0,7.262355e-30
CSAFIKPLGKALFF,YLQPRTFLL,0,0,6.3786476e-20
CASSMCKQRCGYQYF,NLVPMVATV,0,0,5.503e-42
CASSLARDDGYTF,KLQCVDLHV,0,0,1.5097722e-26
CASSQVLSLAGPTGELFF,VTEHDTLLY,0,0,0.00095691317
CASSLSTQRTYNEQFF,RIAAWMATY,0,0,3.359279e-24
CASSQDPSDRPLF,MLDLQPETT,0,0,1.01732026e-11
CATPRWLAKNIQYF,FLRGRAYGL,0,0,6.223861e-18
CSASIHNQISMHRFDYTF,KRWIILGLNK,0,0,1.1483231e-36
CASSFETGGRTQYF,KVAELVHFL,0,0,2.6671757e-11
CASSFFYRTVCLQYF,KLLEIAPNC,0,0,5.5309885e-35
CASSWNGQGKDSEAFF,KVLEYVIKV,0,0,5.2050985e-16
CASNPWGRNTEAFF,NLVPMVATV,0,1,0.9447788
CASTAGTKLPDTQYF,GLCTLVAML,1,0,3.9567814e-05
CASSTQKACKFIWQQYF,YVLDHLIVV,0,0,0.0
CASSPTSGSVYEQYF,GLCTLVAML,1,0,0.008257282
CSARFDWGIWNAFF,KLGGALQAK,0,0,4.8011655e-12
CASSPWTKTHGQYF,LDYIINLII,0,0,5.539002e-16
CASSLAVNTEAFF,MLDLQPETT,0,0,8.743215e-22
CASSTVEESAVLHF,KLGGALQAK,0,0,3.0139097e-13
CASSPDGETQYF,LLFGYPVYV,0,0,6.200532e-14
CASSTDWRIQHYLFF,CRVLCCYVL,0,0,6.4042516e-34
CASSYRSHLTQNQYF,YVLDHLIVV,0,0,3.4165347e-29
CASSAKWHIMSMVLFF,KLSYGIATV,0,0,0.0
CASSSRSAGEGNNEQFF,QYDPVAALF,0,0,1.1550351e-15
CASTTTGGETQYF,GILGFVFTL,0,1,0.999948
CASSFPSNTEAFF,KVLEYVIKV,0,0,1.2097917e-16
CSVGMITLNQIELF,GLCTLVAML,0,0,1.7614313e-17
CASSFSIRPDIVQYF,CTELKLSDY,0,0,3.4924535e-19
CASSRGRGGYQPQHF,RIAAWMATY,0,0,7.752918e-22
CASSTSQYWLNKVQFF,KLGGALQAK,0,0,4.1827046e-22
CSARDLSGTGPYEQYF,NLVPMVATV,0,1,0.9999999
CASSVDHCTFDKLVIQYF,HTTDPSFLGRY,0,0,1.84e-43
CASSLGTGAYEQYF,KLQCVDLHV,0,0,1.1845967e-24
CSARTTNSGYTF,GLCTLVAML,1,0,0.00013788807
CSVEKFYCSWFMWDQYF,KLSYGIATV,0,0,0.0
CASSEAPGGIGELFF,NLVPMVATV,0,1,0.97662985
CASSFQVQHPFCQHF,TGAIKLDDK,0,0,6.511816e-39
CASSVNDGGIDYQQYF,GLCTLVAML,0,0,1.5998838e-18
CASSQYRESTEAFF,RPPIFIRRL,0,0,4.4025844e-10
CASSHDERHSAPGQYF,NLVPMVATV,0,0,2.5198182e-07
CASSLSGSKLNTEAFF,CYTWNQMNL,0,0,2.0011301e-19
CASSYWPTYNEQFF,FLRGRAYGL,0,0,1.7369431e-17
CSATTLAGGSINEQFF,GLCTLVAML,1,0,0.0095850555
CASSEFHSEVQYF,KLGGALQAK,0,0,1.2199697e-22
CASSMVNEQFF,NLVPMVATV,1,1,0.9988721
CASRERTEAFF,KLQCVDLHV,0,0,6.608114e-22
CASSMTNCEYMVIQYF,YVLDHLIVV,0,0,0.0
CASSPNPGTVTGGANVLTF,KTWGQYWQV,0,0,7.404789e-18
CASSSQLGGGNTEAFF,GLCTLVAML,1,0,2.8246143e-06
CASKRTATYEQYF,KTWGQYWQV,0,0,3.8729335e-21
CASSEGHSNGYGYTF,GILGFVFTL,0,0,7.540774e-05
CASSGGEYRCYVYTF,NLVPMVATV,0,0,6.1793446e-16
CASSPSLVRILHF,KLGGALQAK,0,0,9.800545e-12
CASSLGGDYEQYF,IMDQVPFSV,0,0,1.5734308e-15
CASSPATEGLVQFF,NLVPMVATV,0,0,0.4572684
CASSKLSESHMLLAQYF,FLRGRAYGL,0,0,1.01234e-40
CASSSAEQGSYEQYF,CLGGLLTMV,1,0,3.850266e-12
CASTEPWFALDLLHF,KLGGALQAK,0,0,5.79159e-26
CASSLGTSGGVTYEQYF,IMDQVPFSV,0,0,4.8476717e-23
CASSYRDREGYEQYF,GLCTLVAML,0,0,0.0009457488
CASSNAMALSYTF,KRWIILGLNK,0,0,1.415347e-21
CASRVWGYGNTEAFF,GILGFVFTL,0,0,0.00020724286
CASSTGTGYGYTF,VTEHDTLLY,0,0,1.98522e-08
CASSLEGQSSYEQYF,AYAQKIFKI,0,0,1.5020258e-07
CASSYYKFTPDRDQYF,VYGIRLEHF,0,0,2.9066127e-33
CSVEGGGGVPQGTQYF,SLFNTVATL,0,0,1.4465164e-18
CASSQPLQSLYEQYF,GILGFVFTL,1,0,9.769144e-06
CASSQRSTGELFF,GILGFVFTL,1,1,1.0
CATSPRSEGRHEQYF,NLVPMVATV,1,0,0.17801069
CASKSGQGYEKLFF,GLCTLVAML,1,0,1.4406184e-05
CATRATGEAQPQHF,RIAAWMATY,0,0,2.9721303e-23
CASSFGGYTGELFF,SLLMWITQV,0,0,5.143794e-22
CASSTSLRSTQYF,AVFDRKSDAK,0,0,0.0020197637
CASSIRSSTEAFF,GILGFVFTL,1,1,1.0
CASSTAGTGGYGYTF,SLFNTVATL,0,0,2.7132545e-17
CSVRENHNEQFF,CYTWNQMNL,0,0,3.6597293e-24
CSARLLEQSGNTIYF,GLCTLVAML,1,1,0.99711776
CASSEGGLNVEKLFF,LLFGYPVYV,0,0,9.79482e-13
CASSLAAGGVDEQFF,KTWGQYWQV,0,0,3.327002e-16
CASSYGGDTQYF,GLCTLVAML,0,0,0.41861618
CASSIHKPSQYF,GILGFVFTL,0,0,4.8346672e-17
CASSVRSAGELFF,GILGFVFTL,1,1,1.0
CASSLGGAFYLHTDTQYF,QYDPVAALF,0,0,4.82378e-17
CASSRMSSEQEAGQFF,FVDGVPFVV,0,0,5.636e-42
CSARGTVGNTIYF,GLCTLVAML,1,1,0.9979055
CASSFTSTIGTEAFF,CLGGLLTMV,0,0,2.0943448e-11
CASSTHCNGAFDQYF,YVLDHLIVV,0,0,0.0
CASSPSIPSIDEQFF,CYTWNQMNL,0,0,3.939467e-20
CAISGSAGDKETQYF,KTWGQYWQV,0,0,9.333592e-22
CASSIVWGQETQYF,FLRGRAYGL,0,0,5.8844438e-15
CASSPTTGTGNYGYTF,NLVPMVATV,1,1,0.9906521
CASSCMFWQQLMQYF,KLGGALQAK,0,0,0.0
CASSPLSGAGADEQFF,RPPIFIRRL,0,0,9.881801e-12
CASSLGSPYEQYF,KLGGALQAK,0,1,0.97178954
CASSLVLQMNTEAFF,CLGGLLTMV,1,0,8.469962e-06
CASSVCRQVDLFF,YLQPRTFLL,0,0,3.8084345e-32
CASSLSGVEQYF,RIAAWMATY,0,0,1.8761707e-18
CQHQQTTNTEAFF,ELRRKMMYM,0,0,6.666649e-23
CASSSRSTGELFF,GILGFVFTL,1,1,1.0
CSVLDDNLLQSDHQFF,QVPLRPMTYK,0,0,1.0058576e-22
CASSSLLRRNTIYF,IMDQVPFSV,0,0,8.591915e-15
CATSGPHRVHEQFF,CYTWNQMNL,0,0,8.081747e-21
CASVLLSSGRGQETQYF,SLFNTVATL,0,0,1.7361854e-20
CACSSVDFHPSEAQYF,GLCTLVAML,0,0,1.303348e-19
CASSSSEPRPQYF,HTTDPSFLGRY,0,0,1.0483634e-29
CSVALGQGDEQYF,IPSINVHHY,0,0,1.7007251e-09
CASSLGDRDDSPLHF,QPRAPIRPI,0,0,6.3102594e-18
CASRCDHLRGFFF,YVLDHLIVV,0,0,3.840477e-37
CASSAGDTHAGQYF,HTTDPSFLGRY,0,0,5.546074e-20
CASSQAGRVSYNEQFF,GLCTLVAML,1,0,5.8662936e-05
CASWGKSFNEQFF,ILKEPVHGV,0,0,6.7322104e-20
CASSIRAAGELFF,GILGFVFTL,1,1,1.0
CASSKQQFLQIYTF,GILGFVFTL,0,0,1.6930699e-10
CASSGAGTGPYEQYF,YLLEMLWRL,0,0,3.378398e-26
CATSMSKENPTHQFF,FLNGSCGSV,0,0,0.0
CASSSPGTDYGYTF,GLCTLVAML,1,0,4.8557074e-05
CASSTESYNEQFF,KVLEYVIKV,0,0,8.770003e-15
CASSMNWELGLYTF,NLVPMVATV,0,0,1.3169653e-14
CASSAQGGAENTEAFF,QPRAPIRPI,0,0,2.2416822e-18
CSVRDRVGNTIYF,GLCTLVAML,1,1,0.9999999
CASSIEHAKAGMDQYF,KLGGALQAK,0,0,3.707392e-24
CASSHFDASNPLRIYF,FLNGSCGSV,0,0,3.2680738e-29
CASSPTSGSIYEQYF,GLCTLVAML,1,0,0.0035930395
CATSCYQCNDALLLFF,LLLGIGILV,0,0,1.8e-44
CASLFHARDHTCVWQYV,KLGGALQAK,0,0,1.6120526e-23
CALAYYGYTF,KVAELVHFL,0,0,9.1628345e-17
CSARDRVGNTIYF,GLCTLVAML,1,1,0.99999976
CASSFKWQERNTEAFF,AYAQKIFKI,0,0,1.1701938e-15
CASSLAAGTLTDTDTQYF,GLCTLVAML,1,0,3.2181892e-06
CASTADFDFF,FLNGSCGSV,0,0,1.7508722e-26
CASSSGTGVGYTF,FLYALALLL,0,0,1.20882335e-08
CASSFIHWYYQFF,KLGGALQAK,0,0,1.5971472e-24
CSVEVDSTYNEQFF,SLFNTVATL,0,0,4.610771e-18
CASSQDPREMNQPQHF,GLCTLVAML,1,0,8.9830614e-08
CSASQTWCASQYF,KLGGALQAK,0,0,2.6061364e-26
CSARDLSGREQYV,GILGFVFTL,0,0,0.005758204
CASSFMYCMSEQYF,HTTDPSFLGRY,0,0,1.6052959e-31
CASSTSWMGYEFF,GILGFVFTL,0,0,2.9305613e-10
CAWVPGTGGRGAFF,NLVPMVATV,1,1,1.0
CSARDRVGNGYTF,GLCTLVAML,1,1,0.9999336
CASVHGWQYHYRLFF,GLCTLVAML,0,0,5.4580115e-26
CGVWTGRNTEAFF,IMDQVPFSV,0,0,1.617811e-10
CATSDETNFGISGYTF,NLVPMVATV,1,0,0.10296993
CASSQGGQGEAFF,AYAQKIFKI,0,0,1.37364315e-08
CASSPRTGPNEKLFF,AYAQKIFKI,0,0,1.5781161e-08
CASSFCCVKVMQYF,HTTDPSFLGRY,0,0,0.0
CASSFPAGGFDTQYF,MLDLQPETT,0,0,1.9409873e-22
CASSLFHEQYF,ILKEPVHGV,0,0,9.899322e-13
CASSGQSLKGQFF,KLGGALQAK,0,0,1.0642254e-17
CASSHWEREHTGELFF,RIAAWMATY,0,0,3.6515456e-23
CSVGCRTAMQYF,LPRRSGAAGA,0,0,3.3545785e-32
CASSVGTDLYQETQYF,VTEHDTLLY,0,0,2.3143778e-13
CASSFIPAELRYEQYF,VTEHDTLLY,0,0,1.8975492e-09
CASSCYPGVCSNLQYF,GLCTLVAML,0,0,1.700264e-39
CSAEWYEFHSLTF,HTTDPSFLGRY,0,0,0.0
CASSLAGPAYEQYF,ELRRKMMYM,0,0,3.2326121e-22
CSGGQGPDNEQFF,VTEHDTLLY,0,0,1.762877e-07
CASSSLHSNCPPQFF,KLGGALQAK,0,0,5.2212414e-33
CASSVQKGPHYVANIVLTF,YVLDHLIVV,0,0,1.39863e-26
CASSVAQLIWAFF,IVTDFSVIK,0,0,5.098907e-19
CSARGPGQHTYGYTF,SLFNTVATL,0,0,5.7529856e-20
CASSLYVNNGYTF,LLFGYPVYV,0,0,6.5067157e-12
CASSMKQAIGINEQYF,KLGGALQAK,0,0,0.0002775913
CASSLFYLRGNNEKLFF,QPRAPIRPI,0,0,2.3531515e-21
CSVGSGGTNEKLFF,GLCTLVAML,1,1,0.99956566
CASSCAKDVKKLLTF,KLGGALQAK,0,0,4.81429e-40
CASTAIGGELFF,GLCTLVAML,1,0,4.42624e-08
CASSMLTYAFF,HTTDPSFLGRY,0,0,9.389657e-30
CASSTGQGAPYNEQFF,RLRAEAQVK,0,0,1.5467279e-08
CASRGNEAFF,YLLEMLWRL,0,0,5.640181e-29
CASSIDRFAGAYTF,HTTDPSFLGRY,0,0,1.340299e-22
CSAALGLGEKLFF,RIAAWMATY,0,0,3.8904916e-23
CASSSASYGYTF,NLVPMVATV,1,1,0.53747904
CSARDRGIGNTIYF,GLCTLVAML,1,1,0.9999988
CATNGRGGYYNEQFF,CYTWNQMNL,0,0,4.8395187e-25
CASSEGIYGYTF,GILGFVFTL,1,1,0.99318105
CASSFMRHPRLHF,KLGGALQAK,0,0,8.982066e-20
CASSMCEMFPRF,TLIGDCATV,0,0,4.9e-44
CASSHKESKWPCQYF,FLNGSCGSV,0,0,0.0
CASSVVCDNIQFF,GILGFVFTL,0,0,4.2117142e-23
CSASGTGGSLYTGELFF,GLCTLVAML,1,0,0.4591994
CASSPKTDSYNSPLHF,ELRRKMMYM,0,0,5.2052586e-23
CASSLVPWTAKFF,KLGGALQAK,0,1,0.9679317
CASYSPPEQQQLFF,IVTDFSVIK,0,0,1.9985811e-20
CASSFKTFGSSHQLFF,KLGGALQAK,0,0,1.2571272e-21
CASSLVRGGPDYEQYF,ILKEPVHGV,0,0,9.216987e-19
CASSIFDGQPQHF,GILGFVFTL,1,1,1.0
CATSNPSLLFQFF,VVYRGTTTY,0,0,4.7949676e-28
CASSSFMGDRGRYTF,SLFNTVATL,0,0,9.889538e-22
CATSDRTACCEGSYQFF,NLSALGIFST,0,0,2.2883063e-23
CAISLHQAVMCLHQYF,CTELKLSDY,0,0,4.61247e-40
CASSIKHWNNQFF,HTTDPSFLGRY,0,0,3.11e-43
CASSTGQIATNEKLFF,GLCTLVAML,1,0,6.487071e-06
CSARVGVGNTIYF,GLCTLVAML,1,1,0.9992144
CASSDPKMQQKSAFF,KLGGALQAK,0,0,1.0292825e-30
CASSPHPGGSNTEAFF,QPRAPIRPI,0,0,1.6424001e-15
CASSQQPKKNYWLFF,FVDGVPFVV,0,0,8.7820705e-34
CASSLEPNWQYF,FVDGVPFVV,0,0,4.8376803e-22
CASSVQMCKRFQYF,HTTDPSFLGRY,0,0,0.0
CASGQALSYNEQFF,GLCTLVAML,0,0,1.6193861e-06
CASSVDGGLYSPLHF,FLYALALLL,0,0,5.60859e-17
CSVVLMCYTDQFF,YVLDHLIVV,0,0,0.0
CSADEDSMESGLQFF,FLPRVFSAV,0,0,1.4034902e-31
CASSHLKDWLVQYF,FLNGSCGSV,0,0,0.0
CASSQDRARELFF,IMDQVPFSV,0,0,2.4970931e-14
CAISIVYLPIKDRQFF,KLGGALQAK,0,0,1.2981851e-15
CSASGLAGVLTDTQYF,SLLMWITQV,0,0,5.727121e-29
CSARREGQMLIGQFF,NLVPMVATV,0,0,5.8312977e-10
CASSQDGTGWTNEKLFF,NLVPMVATV,0,0,0.0028105192
CASRTTRVHTEAFF,QYDPVAALF,0,0,3.3877192e-09
CAYPKSSQNIYTF,HTTDPSFLGRY,0,0,1.9726971e-22
CASSMRSTGELFF,GILGFVFTL,1,1,1.0
CASSFQSDNLFF,IVTDFSVIK,0,0,4.6596432e-18
CASSTSCLWYPVQYF,HTTDPSFLGRY,0,0,0.0
CASSIVSSSGNTIYF,SLLMWITQV,0,0,1.0913484e-22
CASSFFRTGLAGGYYEQYF,IPSINVHHY,0,0,3.6094438e-16
CSARTGAGNTIYF,GLCTLVAML,1,1,0.9998272
CASSTMVTNARQYF,YVLDHLIVV,0,0,5.21e-43
CASSNTSSHEDAFF,GLCTLVAML,0,0,5.6860774e-25
CASSHNMFGGIDQYF,HTTDPSFLGRY,0,0,1.5561383e-30
CASSHRGVQESEKLFF,GLCTLVAML,1,0,3.875061e-06
CASRYEAGTYNEQFF,KLGGALQAK,0,1,0.9999989
CSARDEVGNTIYF,GLCTLVAML,1,1,0.99997187
CASSLAYVATEAFF,GLCTLVAML,1,0,0.000789781
CASGPRSAYEQYF,GILGFVFTL,1,1,1.0
CSASLFVGHSAYNEQFF,YLLEMLWRL,0,0,5.463262e-33
CASSQDLGVKDTQYF,IPSINVHHY,0,0,3.5060546e-12
CASRSALVSHTRQYF,ELRRKMMYM,0,0,3.7902053e-23
CASSFGVSGGTDTQYF,RTLNAWVKV,0,0,1.0980053e-21
CASSTMTQGQQYF,CINGVCWTV,0,0,2.0751905e-15
CASSQVSSGAETQYF,SLLMWITQV,0,0,9.119109e-24
CASSPHGVGDTQYF,RTLNAWVKV,0,0,3.2370044e-15
CASSEYTLLNIQYF,SLVKPSFYV,0,0,0.00034034823
CASSVDGSGNTIYF,MLDLQPETT,0,0,1.4890131e-22
CASSPQTGVSYGYTF,NLVPMVATV,1,1,0.9991825
CASSLSGWSGTGELFF,FLRGRAYGL,0,0,4.8652654e-18
CASSHKGHTAPNDGYTF,GILGFVFTL,0,0,0.03418077
CASSEALLGRANYGYTF,NLVPMVATV,1,0,0.10800857
CASSLAGTTQYF,IMDQVPFSV,0,0,2.954138e-10
CASAIAYQCQYF,HTTDPSFLGRY,0,0,3.61e-42
CASSMKREDTQFF,KLGGALQAK,0,0,4.5906264e-13
CASSDAVGYANVWQYF,HLVDFQVTI,0,0,2.9528479e-25
CASSSQGVPCCPHQYF,KLDGFMGRI,0,0,1.3816018e-35
CASSDIQAFWQFF,KLGGALQAK,0,0,7.562255e-17
CASSLKDRGNETQYF,QYDPVAALF,0,0,6.5865596e-18
CASSLPDPGANVLTF,FLRGRAYGL,0,0,3.4242615e-20
CASSSNQPQHF,KTWGQYWQV,0,0,1.1926831e-21
CASSSRSTDTQYF,GILGFVFTL,1,1,1.0
CASSLWRGSSYNSPLHF,FLYALALLL,0,0,1.1741466e-15
CASSLGQGTSTYEQYF,IMDQVPFSV,0,0,2.272632e-14
CASSEKGLAVYNEQFF,NLVPMVATV,0,1,0.6262795
CASSDHWYTIQQYF,NLVPMVATV,0,0,2.5737922e-24
CASSKMAHTAQYF,NLVPMVATV,0,0,1.1116683e-22
CATSGQNVKRQYF,LLWNGPMAV,0,0,4.649408e-29
CASIGSRDGGRHEQFF,RIAAWMATY,0,0,5.301716e-21
CASSQTRRARPDTQYF,RPPIFIRRL,0,0,3.9432505e-15
CASSQEDSSYEQYF,CYTWNQMNL,0,0,4.0548152e-17
CASSHYCKYTF,KAFSPEVIPMF,0,0,1.475849e-36
CASSFNSYMEWQHF,FVDGVPFVV,0,0,2.3759071e-30
CASSCQHKSCMRKQFF,RPHERNGFTVL,0,0,0.0
CSVGTGGPYEQYF,RPPIFIRRL,0,0,8.7731104e-16
CSVTGTLMEEQYF,GLCTLVAML,1,0,0.48492187
CASSTDWWYDNVQFF,GILGFVFTL,0,0,1.5414138e-32
CASSFGGGRETQYF,FLRGRAYGL,0,0,2.3371268e-12
CASNLWPQHF,GILGFVFTL,1,0,0.4226126
CASSQDSSAGLGEQYF,GLCTLVAML,1,0,0.023397086
CASSIVHLNEQYF,GILGFVFTL,1,1,0.99999666
CASGTKWMACIQYF,HTTDPSFLGRY,0,0,0.0
CSAPNWCHCDQFF,KLGGALQAK,0,0,1.0401939e-35
CASSTNHCYGLCMYTF,LEPLVDLPI,0,0,0.0
CASLVVLETNTGELFF,KVLEYVIKV,0,0,5.020538e-22
CASSYVTGSSYEQYF,GLCTLVAML,1,0,2.2901395e-05
CASSQVLAEQFF,AYAQKIFKI,0,0,4.9650378e-11
CASSQCMLRVQQYF,HTTDPSFLGRY,0,0,0.0
CASSRAGLSYNEQFF,SLFNTVATL,0,0,5.680669e-21
CASRLAGTPNNEQFF,SLLMWITQV,0,0,8.91291e-21
CQQRVRAGISSYEQYF,GILGFVFTL,1,1,0.99885106
CASSLMNKKHPIYF,YEGNSPFHPL,0,0,3.1852441e-27
CASSDMSDWARSIRLFF,VMHANYIFW,0,0,2.6989339e-34
CASSLVGTTYEQYF,CYTWNQMNL,0,0,4.418139e-21
CAWRTENTEAFF,NLVPMVATV,0,1,0.99042106
CASSRTSEKLFF,GILGFVFTL,0,1,0.99935
CASRCLWEYASMQQFF,VTEHDTLLY,0,0,0.0
CATSSGANTGELFF,QPRAPIRPI,0,0,2.4154136e-22
CASSLAAGALYNEQFF,NLVPMVATV,1,1,0.99652475
CSARPRQNLYEQYF,QYDPVAALF,0,0,1.131356e-15
CSVNSGQGTPQYF,GLCTLVAML,1,0,5.730456e-06
CASSVRSAYEQYF,GILGFVFTL,1,1,1.0
CASSGVEISKQYF,LPRRSGAAGA,0,0,3.5290798e-20
CATSWLCFKNPQRGLTF,KLSYGIATV,0,0,0.0
CSVGWTISKQYF,RAKFKQLL,0,0,9.715982e-17
CASSKRSTDTQYF,GILGFVFTL,1,1,1.0
CASSDWIPTWFRWLFF,FVDGVPFVV,0,0,0.0
CARSPASGGPAAKNIQYF,FLRGRAYGL,0,0,2.9102117e-15
CASSYNTEAFF,KLQCVDLHV,0,0,1.1396258e-21
CASSLANTDTQYF,RPPIFIRRL,0,0,8.727769e-11
CASANDMYWAQYF,GLCTLVAML,0,0,2.3426392e-34
CASSGGQKAPGELFF,GLCTLVAML,1,0,0.41664425
CASYGTGDNYGYTF,RIAAWMATY,0,0,5.9769094e-21
CASSLGAARTSYEQYF,ELRRKMMYM,0,0,2.771695e-22
CASTWTGQVNNEQFF,SLFNTVATL,0,0,1.0033348e-17
CASSSWTGGYEQYF,QPRAPIRPI,0,0,1.5743747e-21
CASSLRDNTEAFF,IMDQVPFSV,0,0,4.093577e-09
CASRGEGASYNEQFF,SLLMWITQV,0,0,1.0674067e-21
CASEIGQGLVNEQFF,RTLNAWVKV,0,0,7.7639395e-19
CASSFPMIEHEQHF,FVDGVPFVV,0,0,4.173112e-21
CASSGGVTEAFF,SLLMWITQV,0,0,1.9915014e-22
CASSTRHTDTQYF,GILGFVFTL,1,1,0.9999958
CASSEGQYQYF,LLLGIGILV,0,0,8.025657e-11
CAIRVGGPFSNQPQHF,KVAELVHFL,0,0,1.738938e-18
CASSTTSGGPKSRELFF,ILKEPVHGV,0,0,1.0507777e-14
CASSQGPPPYEQYF,KLQCVDLHV,0,0,2.7362734e-20
CASSALDTNYEQYF,ELRRKMMYM,0,0,4.0617912e-20
CASSIGLYGYTF,GILGFVFTL,1,1,0.99999917
CASSPRHTDTQYF,GILGFVFTL,1,1,0.9992285
CASSSNLAPISYTF,HTTDPSFLGRY,0,0,1.8077416e-24
CASSCQMIEPCRFQYF,KLSYGIATV,0,0,0.0
CASSNEMAPFKGALFF,KLGGALQAK,0,0,8.767532e-29
CSVGGLKFWFQYF,KLSYGIATV,0,0,4.39e-42
CASSLELGLAEAFF,VTEHDTLLY,0,0,1.4041484e-09
CQPRTGDYEQYF,NLVPMVATV,1,1,0.99998736
CSVEGRRGYASLAYTF,MLDLQPETT,0,0,3.5805584e-18
CASKGTGGGHF,LLFGYPVYV,0,0,6.2964237e-21
CASSHMHHQTQSPLFF,KLGGALQAK,0,0,1.8541132e-27
CSAKYHHGEYTF,KLGGALQAK,0,0,6.502168e-10
CASSKFVQRKERQHF,NLVPMVATV,0,0,2.299403e-22
CASSLDEGGLTDTQYF,LLFGYPVYV,0,0,1.1708418e-14
CASSEKVWTEQYF,GILGFVFTL,0,0,8.903848e-11
CASSLNPSFWGVQHF,TPRVTGGGAM,0,0,9.249081e-25
CASSASGQGIYEQFF,SLLMWITQV,0,0,3.397464e-24
CASSSKWRMLFF,KLGGALQAK,0,0,1.0473343e-25
CASSLSGSYEQYF,GLCTLVAML,1,0,0.00022691893
CASTLGITAGTSYNEQFF,NLVPMVATV,1,1,0.89371276
CATSYAHPYTQYF,FRCPRRFCF,0,0,0.06993015
CASSNYCPEQYF,KLGGALQAK,0,0,3.472644e-20
CATDGGGNSTNEKLFF,NLVPMVATV,1,0,5.689446e-05
CASSGWKPMAGFQFF,ELAGIGILTV,0,0,2.2075236e-35
CASSIGQAFADTQYF,GLCTLVAML,0,0,0.034588978
CASSMHAMQILNTQYF,LPRRSGAAGA,0,0,8.019097e-14
CASSVSGGSYNEQFF,CLGGLLTMV,0,0,8.8740327e-13
CSAGPTSHIWYTF,YVLDHLIVV,0,0,1.8858998e-34
CASSRSLHQVPAIYF,ELAGIGILTV,0,0,8.02871e-21
CASRSTGEISNEQYF,CYTWNQMNL,0,0,1.461188e-22
CASSQYRAGPHQHF,CRVLCCYVL,0,0,5.6911593e-16
CASSGANKMLPPIQYF,KLGGALQAK,0,0,1.7034561e-27
CSARLQRVGNTIYF,GLCTLVAML,1,1,0.99947935
CSVGRDGTNEKLFF,GLCTLVAML,1,1,0.9986725
CASSISEMIENRQYF,CRVLCCYVL,0,0,2.3280843e-25
CASSPRGEYTGELFF,RTLNAWVKV,0,0,1.3358535e-14
CSVPRQVQETQYF,GLCTLVAML,1,1,0.93152314
CASSVVGGDEQYF,GLCTLVAML,1,0,0.12485098
CQQLLFSGGGNEQFF,NLVPMVATV,1,1,0.97278184
CASSAGTVQPTDTQYF,GLCTLVAML,1,0,0.39204654
CASSAEMVIAPQYF,ELAGIGILTV,0,0,2.2334306e-31
CASSAYVQGSGNTIYF,CYTWNQMNL,0,0,9.2043754e-26
CASSKVWSFIYEQYF,IMDQVPFSV,0,0,1.3467043e-16
CASSLRCYVTNQQYF,VLAWLYAAV,0,0,4.7251747e-33
CASSQDRLAGDTYEQYF,KLQCVDLHV,0,0,1.219553e-19
CASSSRTYRGGDVDTEAFF,IPSINVHHY,0,0,3.6592037e-14
CASKEARFNYGYTF,ILKEPVHGV,0,0,3.0467398e-20
CASSGIHKDCYTEQHF,FRCPRRFCF,0,0,3.0071954e-33
CASSQSPGGVAFF,GLCTLVAML,1,1,0.99965537
CASRYGDGPEQFF,FLRGRAYGL,0,0,9.1266217e-10
CANGVGGEGGQFF,KLQCVDLHV,0,0,2.1717976e-29
CSARTAPIGNTIYF,GLCTLVAML,1,1,0.99979717
CASSLTGFYEQYF,YLLEMLWRL,0,0,8.893146e-28
CASSSNTGLRATNEKLFF,KLGGALQAK,0,1,1.0
CSARAQTTLFF,KLGGALQAK,0,0,1.1727934e-17
CASSHGQGYGYTF,QYDPVAALF,0,0,2.839627e-11
CASSCSITRGKLIDQYF,GILGFVFTL,0,0,1.2760922e-20
CAWSSYGVSNQPQHF,QPRAPIRPI,0,0,3.8213185e-22
CSLYDLVQALVSPLHF,NLVPMVATV,1,0,0.0005080265
CASSTRSADTQYF,GILGFVFTL,1,1,1.0
CASSLKSSPLHF,FLYALALLL,0,0,3.7471388e-13
CASSPKSMNRYRQYV,KLGGALQAK,0,0,1.9762275e-24
CASNANADVPDQHF,KLWAQCVQL,0,0,4.0840025e-38
CASSQLAEWGWPAFF,FLNGSCGSV,0,0,3.6554255e-35
CASSIDSGGSYNEQFF,ILKEPVHGV,0,0,1.6599789e-16
CASSISIRMFMDSYWQFF,SPRWYFYYL,0,0,2.855293e-24
CASSIGWHGYTF,GILGFVFTL,1,1,1.0
CASTTLMSQMQAQYF,FVDGVPFVV,0,0,5.5347212e-36
CSVEIGQSISHFETYTF,GLCTLVAML,0,0,2.3253233e-06
CASSEGRVAPGELFF,GLCTLVAML,1,1,0.999907
CASSPPPGLAISTDTQYF,CLGGLLTMV,0,0,1.0236763e-13
CASSRQGENIQYF,RTLNAWVKV,0,0,6.663637e-19
CASRWMITKAFGQHF,KLGGALQAK,0,0,1.8037208e-37
CASSNSLCAFF,FLNRFTTTL,0,0,5.636457e-30
CASSQEGITDTQYF,CYTWNQMNL,0,0,1.8798887e-18
CSARVLWQEECHWQAQFF,KLSYGIATV,0,0,0.0
CSAPIIGHTTYNEQFF,GLCTLVAML,1,0,0.00026059608
CASSDQYMTASQSAFF,KLSYGIATV,0,0,0.0
CASSRTCPLAKQQYF,RLRAEAQVK,0,0,2.9019905e-27
CASSPGTGLYNEQFF,CLGGLLTMV,0,0,1.3084911e-16
CASSQLGHEMEDAFF,KLGGALQAK,0,0,6.4635513e-18
CASSVGGTHYEQYF,RPPIFIRRL,0,0,1.9248383e-12
CASSRAKFNCIDKAQHF,EIDPKLDNY,0,0,3.45682e-40
CATSTQTGPNEQFF,NLVPMVATV,0,0,0.2614479
CASSSRATGELFF,GILGFVFTL,1,1,0.9999851
CASSIRSSYEQYF,GILGFVFTL,1,1,1.0
CSVVVNEWNCMRQYF,YVLDHLIVV,0,0,0.0
CASMGVKGRFNQYF,RLQSLQTYV,0,0,4.3538786e-27
CASSLGMNTEAFF,IVTDFSVIK,0,0,4.7058258e-08
CSVGDAMMPCTLFF,KLSYGIATV,0,0,0.0
CAWSVDNMNTEAFF,VTEHDTLLY,0,0,2.3092365e-05
CASSSGNYRFNQYF,LPRRSGAAGA,0,0,2.1967128e-27
CASSYCHNPIRIYF,NLVPMVATV,0,0,3.9182313e-27
CASSQGYSYCLTLFF,GLCTLVAML,0,0,1.758281e-34
CASGAGRVAPGELFF,GLCTLVAML,1,1,0.9998809
CASSVRSTGELFF,GILGFVFTL,1,1,1.0
CASSLAGFWGEQYF,KTWGQYWQV,0,0,5.6227987e-15
CASRHFDRFDHRQHF,YVLDHLIVV,0,0,1.18077056e-32
CASSDKTKEQVQYF,FVDGVPFVV,0,0,3.05978e-40
CASNPRPRPSYTDTQYF,RMFPNAPYL,0,0,1.0460073e-20
CASSSLHYMQFF,AVFDRKSDAK,0,0,5.0093787e-17
CASSPVQGSVYEQYF,GLCTLVAML,1,0,0.010697845
CASRKAFLDRNQYF,KLGGALQAK,0,0,1.8260215e-28
CASSYHIGQGYTF,LLFGYPVYV,0,0,1.8519543e-15
CASSCACDQYF,HTTDPSFLGRY,0,0,7.347e-42
CASSVRSTDTQYF,GILGFVFTL,1,1,1.0
CASSRDWWVFRDMPDLFF,LLWNGPMAV,0,0,5.225476e-29
CASSSSKDRGYGQPQHF,NLVPMVATV,1,0,0.19185238
CASSKNPLHCKQHF,KLGGALQAK,0,0,5.8171717e-31
CASSIEYRFQFQYF,KLGGALQAK,0,0,4.4408194e-19
CAWSVPQAPGEQYV,KVLEYVIKV,0,0,2.025699e-20
CASSLTGVDEQFF,GILGFVFTL,1,1,0.99084
CASSNPHNMIWADQYF,KLGGALQAK,0,0,9.637695e-38
CASRLDSSPRTEQYF,RPPIFIRRL,0,0,5.688307e-08
CLLHLQCGVQRYEKLFF,GILGFVFTL,1,1,0.79318285
CASSIKGDDQYF,YVLDHLIVV,0,0,3.3806668e-26
CASSCSHACCALQTSQYF,KLWAQCVQL,0,0,0.0
CASSLATTGTDTQYF,SLLMWITQV,0,0,3.1809505e-24
CASSQDLAGELFF,GLCTLVAML,1,1,0.9428564
CASSLYIPAFF,KLSYGIATV,0,0,2.0665377e-25
CAIKDGALSNF,AYAQKIFKI,0,0,1.00547e-07
CASRLLAGGDNEQFF,NLVPMVATV,1,0,0.4228936
CASSAYIFCEAERTQHF,KLSYGIATV,0,0,0.0
CASSSRFYIEMQFF,KLPDDFTGCV,0,0,1.295e-42
CAGSLTVPNWAKQFF,GLCTLVAML,0,0,2.0225792e-13
CASSYSSTGVSIREQYF,MLDLQPETT,0,0,3.7972662e-16
CASSCSEKSNNCQYF,LPRRSGAAGA,0,0,1.4672266e-36
CASSGRSTDTQYF,GILGFVFTL,1,1,1.0
CSANAAAGTGGTGELFF,KTWGQYWQV,0,0,1.8079572e-22
CASSTQYQRLGCTQHF,QYDPVAALF,0,0,9.390151e-24
CASSLGSGGSGELFF,IMDQVPFSV,0,0,5.760028e-11
CASSFFSEGFNFQFF,KLGGALQAK,0,0,1.4188902e-14
CASSKTNDYEVQYF,HTTDPSFLGRY,0,0,4e-45
CAWDSGQGFLETQYF,KTWGQYWQV,0,0,3.9683477e-14
CASSQDLQGHLPSYTF,KLGGALQAK,0,0,1.5775676e-09
CASSPHRCGRNWQYF,FVDGVPFVV,0,0,1.2712811e-29
CASSLFGTGGDQPQHF,ILKEPVHGV,0,0,8.167944e-20
CASSCINDGAGLFF,HTTDPSFLGRY,0,0,0.0
CSASLTTGASPQFF,FLNRFTTTL,0,1,0.98592895
CASTGPSFEQYF,RTLNAWVKV,0,0,6.811464e-20
CASSNSGDGYTF,KLGGALQAK,0,1,0.9994992
CASRDYYEQYF,KVAELVHFL,0,0,2.7617192e-16
CASSRHERCELF,GILGFVFTL,0,0,5.096805e-20
CASSSPRGEETQYF,RLRAEAQVK,0,0,7.1937234e-07
CASSVPIQGPNYGYTF,GILGFVFTL,0,0,4.4623e-08
CASRSHCMPYQQYF,KLGGALQAK,0,0,1.8501946e-24
CASSLVGTPDTQYF,RPPIFIRRL,0,0,6.401345e-19
CASSYGEGSYEQYF,RLRAEAQVK,0,0,5.439025e-06
CASSTDYEQYF,NLVPMVATV,0,1,0.9986331
CASSLGGGAYEQYF,IPSINVHHY,0,0,2.1327261e-14
CASSLGGYEQYF,CLGGLLTMV,1,0,6.9715457e-12
CASSLLRDYEQYF,RPPIFIRRL,0,0,2.0708778e-14
CASSVGGDNSPLHF,FLRGRAYGL,0,0,9.676573e-13
CASSQLNLGLAGVVSGELFF,GLCTLVAML,0,1,0.93205816
CASSVLERNILLFF,KLGGALQAK,0,0,1.1441527e-19
CASSSGEKSSYNEQFF,GLCTLVAML,1,0,4.378011e-05
CSANNPFTRKQHF,GILGFVFTL,0,0,5.0524245e-17
CASSIGHFLHARAFF,CRVLCCYVL,0,0,6.637947e-16
CASSSAGGPLDSYNEQFF,VTEHDTLLY,0,0,0.0009372637
CASSLDNFSEAFF,FLRGRAYGL,0,0,8.7410785e-15
CASSMCYWEMQYF,FVDGVPFVV,0,0,0.0
CASSEEMDWCWQYF,KLSYGIATV,0,0,0.0
CASSCRCIRFQYF,GLCTLVAML,0,0,1.328e-42
CASSLYQGSNYGYTF,GLCTLVAML,0,0,0.014217272
CASTRVGSHETQYF,RLRAEAQVK,0,0,0.000107208
CASGGVRALNYGYTF,SLLMWITQV,0,0,3.544316e-25
CASSIRSAYEQYF,GILGFVFTL,1,1,1.0
CASSIPLDRLGQPQHF,FLRGRAYGL,0,0,8.769015e-19
CASSLSSRLGVNEQFF,RPPIFIRRL,0,0,5.646833e-14
CASSLTGTPQETQYF,GILGFVFTL,1,0,4.1814008e-05
CATSMKRINWQFF,NLVPMVATV,0,0,1.226778e-23
CASSQKEVAREYTF,HTTDPSFLGRY,0,0,8.67068e-36
CASSQTGLNTEAFF,GILGFVFTL,1,0,0.02010637
CASSDRAGIEQYF,GILGFVFTL,1,1,0.99777126
CASSLWGGSKETQYF,RLRAEAQVK,0,0,8.092472e-05
CASSIRSGQVEQFF,GILGFVFTL,1,1,1.0
CASSSHGGAYNEQFF,SLFNTVATL,0,0,3.0199143e-15
CASSDRDRQYL,YVLDHLIVV,0,0,1.4689338e-07
CASRLGTGGAGELFF,KLQCVDLHV,0,0,8.675497e-24
CASSRFTVKWYFQYF,YVLDHLIVV,0,0,5.956e-42
CASSEETALRQYF,LAMPFATPM,0,0,6.0565424e-09
CSVLWACYVDAQFF,SPRWYFYYL,0,0,4.389e-42
CASSLFTEAFF,RMFPNAPYL,0,0,2.9529078e-15
CASSPVTGGSTYGYTF,NLVPMVATV,1,1,0.99665076
CASSSEDVSSDAFF,KRWIILGLNK,0,0,3.3131028e-12
CASSYYSNQPQHF,GILGFVFTL,1,1,1.0
CASSLSSGRTDTQYF,RMFPNAPYL,0,0,1.1535593e-16
CASSKNWNIDWQYF,GTSGSPIINR,0,0,2.856243e-30
CASRPQGAPGYTF,RLRAEAQVK,0,0,8.673251e-06
CASSPFGRAVNYGYTF,CLGGLLTMV,0,0,5.7176577e-18
CSVDSAESSYNEQFF,QYDPVAALF,0,0,1.9319526e-15
CATTHIHSWERCAQFF,NLVPMVATV,0,0,1.8338122e-20
CASSLRGGENSYNEQFF,RTLNAWVKV,0,0,1.2929268e-15
CASSDDQIEQFF,LLSLFSLWL,0,1,0.99987316
CASRDTENQPQHF,IVTDFSVIK,0,0,1.2668215e-08
CASSVYGGVAGELFF,NLVPMVATV,1,1,0.999998
CASSRYSGGFGDTQYF,LLFGYPVYV,0,0,1.619651e-14
CASSQDTARAFF,GLCTLVAML,1,0,1.3668295e-06
CSARFRFKVMFIYF,GLCTLVAML,0,0,8.387338e-32
CASTDLSTTGQHTDTQYF,LLFGYPVYV,0,0,9.366368e-15
CASLKYAMQYF,YVLDHLIVV,0,0,8.03994e-40
CASRAHQADHWTHQYF,YVLDHLIVV,0,0,0.0
CSATPGQNYQPQHF,LLFGYPVYV,0,0,1.03175586e-10
CASSMRSSEPQHF,GILGFVFTL,1,1,1.0
CASSFTLAGRWLHF,HTTDPSFLGRY,0,0,2.7224099e-24
CASSQGVHGESPHRGANLFF,SLFNTVATL,0,0,6.846859e-30
CASSVINIAQSPYYTF,HTTDPSFLGRY,0,0,1.55457e-40
CASSDEPMQHYTF,FLNGSCGSV,0,0,1.3260184e-30
CASRPGAGGLTDTQYF,SLLMWITQV,0,0,9.116427e-25
CATSVGGTEAFF,NLVPMVATV,0,1,0.69303775
CASSKEGRKLDEQYF,KVAELVHFL,0,0,2.7267592e-13
CAISERLEYSGIFLQFF,KLGGALQAK,0,0,1.2546194e-17
CASSRVFTTNEKLFF,QPRAPIRPI,0,0,2.1209258e-25
CASSCFENPIYAGMQYF,KLGGALQAK,0,0,1.5471368e-36
CASSMRAFYNEQFF,NLVPMVATV,1,1,0.62450206
CSARDQTGNGYTF,GLCTLVAML,1,1,0.99999
CASSAWTAASKFQYF,YVLDHLIVV,0,0,4.144203e-31
CASSYATGASYGYTF,NLVPMVATV,1,1,0.99998796
CASSTQTGGREQYF,ELRRKMMYM,0,0,1.3990071e-21
CASSSPNQYF,AVFDRKSDAK,0,0,8.434746e-13
CASSAKYTKQFF,GLCTLVAML,0,0,2.99006e-33
CASSPLTGTGVYGYTF,NLVPMVATV,1,1,0.9999857
CASSLGSGGEVSYNEQFF,LLFGYPVYV,0,0,2.273484e-12
CATSVDVILAPSQHF,KLGGALQAK,0,0,4.346362e-19
CASSPDYIIWIYQYF,KLGGALQAK,0,0,9.510232e-24
CAWGRREAFHTQFF,LLSAGIFGA,0,0,1.7369114e-23
CASSFGNHQQKYEQYF,GSEHSLAEY,0,1,0.98982507
CASSQSNYEQYF,GLCTLVAML,0,1,0.58743113
CASSEMCYALAFF,KLGGALQAK,0,0,6.978807e-39
CASSMVYNEQFF,IPSINVHHY,0,0,1.954059e-11
CASSYGGQRASYEQYF,FLYALALLL,0,0,1.9309624e-18
CASTRVMNTEAFF,CLGGLLTMV,1,0,8.5686194e-13
CASSQRSTDTQYF,GILGFVFTL,1,1,1.0
CSAQRGGADTGELFF,LLFGYPVYV,0,0,8.7337747e-16
CASSRKTGVMSGYTF,SLLMWITQV,0,0,4.203013e-24
CASSVAEMCQWSILFF,TPRVTGGGAM,0,0,0.0
CASSKDGWRELAKNIQYF,NLVPMVATV,0,0,0.0006631655
CATSRDQGIRNTEAFF,VTEHDTLLY,0,0,4.2876147e-11
CAWSLQKRTEGLLFF,FLNRFTTTL,0,0,1.6338515e-15
CASGWRNNSPLHF,KTWGQYWQV,0,0,3.342729e-14
CASSPWGSGGAGDTQYF,GILGFVFTL,0,0,0.28637084
CASRSGDNILDLQYF,YVLDHLIVV,0,0,1.040323e-31
CAISHSIWWMQYF,GILGFVFTL,0,0,9.567651e-24
CASRPAGLAKETQYF,AYAQKIFKI,0,0,1.2016058e-07
CASSPRSTDTQYF,GILGFVFTL,1,1,1.0
CATSQKPMTDYTF,KLGGALQAK,0,0,2.7341982e-19
CASSQDKSEWWETQYF,RTLNAWVKV,0,0,1.02684666e-16
CSGDKCAQKYTF,GLCTLVAML,0,0,6.319486e-33
CASSTRCSFYREAAFF,KLGGALQAK,0,0,1.7545688e-27
CATTPEGAPYEQYF,VTEHDTLLY,0,0,4.6121357e-10
CASITSLWTEQFF,HTTDPSFLGRY,0,0,7.0339875e-12
CASSLTGSVLEQYV,KVAELVHFL,0,0,9.922714e-15
CASSKCTRGLQQYF,GTSGSPIINR,0,0,6.2753245e-28
CASNMMMACWLFF,KLGGALQAK,0,0,5.08347e-33
CASSPGGPNTGELFF,KLQCVDLHV,0,0,1.02273675e-26
CASRRKRNPGLQYF,EILDITPCSF,0,0,6.001156e-34
CASSRQLAGGEETQYF,ELRRKMMYM,0,0,1.658786e-27
CASKVPDSVYWQYF,KLSYGIATV,0,0,5.476179e-25
CARTGLKLLGQYF,GTITSGWTF,0,0,1.0080492e-18
CASSQGSTYEQYF,SLFNTVATL,0,0,1.3156543e-11
CASSLRAAYEQYF,GILGFVFTL,1,1,0.9999666
CASSWLPFDEVTQYF,KLGGALQAK,0,0,4.8385747e-11
CASTLGFPREKKQYF,KLGGALQAK,0,0,4.881424e-09
CASSSSPVPNYGYTF,RLRAEAQVK,0,0,4.0648e-07
CSARANADTKCVLHF,FEDLRVLSF,0,0,2.8927638e-33
CASSGLPKIPKAFF,NLVPMVATV,0,0,5.839651e-06
CASSQYPDWVQYF,FVDGVPFVV,0,0,5.3907564e-28
CSARRGWKFGIYF,ILNVDIFTL,0,0,1.3983787e-12
CASSKLSWNQPQHF,YLLEMLWRL,0,0,1.3839054e-22
CATSDGQGGEKLFF,FLRGRAYGL,0,0,6.899473e-17
CASSLVGRRVEKLFF,RPPIFIRRL,0,0,6.178962e-18
CASTQNRENTEAFF,FLYALALLL,0,0,7.031539e-14
CASSVRSSYEQYF,GILGFVFTL,1,1,1.0
CASSGKKKSKNEMAFF,GLCTLVAML,0,0,4.85e-43
CASSEGLVSPTDTQYF,GLCTLVAML,1,0,0.2438035
CASSSRSAYEQYF,GILGFVFTL,1,1,1.0
CASSIEPQHPLTLHF,FEDLRLLSF,0,0,3.6377054e-19
CASSLEGGLVTGELFF,AYAQKIFKI,0,0,6.802614e-11
CASSCWHHDLIAQYF,KLGGALQAK,0,0,3.274489e-36
CASSLVGRISADYGYTF,ILKEPVHGV,0,0,6.9696483e-26
CSVKFTEIMQYF,NLVPMVATV,0,0,4.9713193e-19
CASSNNSVFPEIDQYF,YVLDHLIVV,0,0,0.0
CASSLMPPVTTNWPQFF,AVFDRKSDAK,0,0,3.3864253e-25
CASSYAACCMMCMTIYF,KLGGALQAK,0,0,5.392715e-34
CASSLGGIDEQFF,CLGGLLTMV,0,0,3.443638e-11
CASSSMLEMIPGQYF,YVLDHLIVV,0,0,1.3447353e-35
CASSMRASGYQHF,GILGFVFTL,1,1,0.9233619
CASSSPNEQFF,IVTDFSVIK,0,0,0.010455934
CASSYYNTLFSGNTIYF,KLGGALQAK,0,1,0.99999964
CAISESRASGDNNEQFF,ILKEPVHGV,0,0,2.953893e-19
CASSLIVWEEQYF,GTSGSPIIDK,0,0,0.00011867078
CASSESVLGLNTEAFF,KLGGALQAK,0,1,0.9998783
CSARGGHQLVGNTIYF,GLCTLVAML,1,0,0.032378856
CSAREWAGHLYTF,YVLDHLIVV,0,0,1.2950272e-26
CASSLTSEAYEQYF,GLCTLVAML,0,0,6.6761895e-05
CASSQRGGTGEAFF,IVTDFSVIK,0,0,0.013095499
CASSRGPYEQYF,FLYALALLL,0,0,6.8895017e-18
CQQQWKWFHEHIF,RAKFKQLL,0,0,7.096703e-20
CASSLAPGATNEKLFF,NLVPMVATV,1,1,0.99967253
CASSMAPTCGVLQYF,SEPVLKGVKL,0,0,0.0
CASSHPGQGYSGGPSYEQYF,GLCTLVAML,0,0,0.0012166394
CASELAGPEPQQYF,IMDQVPFSV,0,0,3.1436374e-14
CSARQYVYHIQCFLFF,YLQPRTFLL,0,0,1.831e-42
CASSQGLSGNYGYTF,VTEHDTLLY,0,0,8.722052e-09
CASRGDRTGELFF,YLLEMLWRL,0,0,9.8299516e-24
CASGPPGRFTASYEQYF,RMFPNAPYL,0,0,3.2398496e-20
CASSVPPNYFILFF,NQKLIANQF,0,0,1.322638e-31
CASSRHNWRYYQYF,FRCPRRFCF,0,0,5.708862e-30
CSVMEQTFKNWYFG,IPSINVHHY,0,0,2.545859e-21
CASRMVCMFFCSMYTF,NLVPMVATV,0,0,0.0
CASSYQEMESHSQYF,RLRAEAQVK,0,0,1.0230413e-18
CASSFPEGETQYF,YLLEMLWRL,0,0,4.0633367e-22
CASSPGGVGTINTGELFF,MLDLQPETT,0,0,4.203367e-16
CASSSQREGSYNEQFF,YLLEMLWRL,0,0,3.54876e-29
CASSLGPSSYEQYF,KTWGQYWQV,0,0,7.0173265e-17
CASSPWPEQKCGQYF,CTELKLSDY,0,0,1.940559e-36
CASHRDRGYNEQFF,IPSINVHHY,0,0,5.0376665e-12
CASSLEASGARDEQYF,NLVPMVATV,0,1,0.98572403
CASSDCIIKPLAQYF,GLCTLVAML,0,0,6.794378e-38
CASSDTTAEMKSQYF,AVFDRKSDAK,0,0,1.5643376e-18
CASSGIPSGFAFF,FVDGVPFVV,0,0,9.0118625e-26
CASSNEANDKRKFKLAFF,HTTDPSFLGRY,0,0,1.969e-42
CASSMMMRIMMQYF,GMGPLLAMV,0,0,0.0
CSAPFKGNYIQYF,LLLDRLNQL,0,0,4.7186962e-08
CASSILGTGQGYTF,RLRAEAQVK,0,0,6.62343e-06
CASSNDTSWASAWLQFF,RAKFKQLL,0,0,3.2093063e-28
CASSLESVNTEAFF,SLFNTVATL,0,0,3.7011613e-16
CASSGWVGPVGLWQFF,MEVTPSGTWL,0,0,4.1835077e-12
CASSMRSAYEQYF,GILGFVFTL,1,1,1.0
CATMPQGFLRGNQYF,AVFDRKSDAK,0,0,2.2314602e-07
CSARGEAAGGGGTDTQYF,QYDPVAALF,0,0,3.198058e-16
CATSTDRRRALTF,LLWNGPMAV,0,0,2.4207606e-07
CASSQSPGGTQYF,GLCTLVAML,1,1,0.99999714
CASSCCYYNNETTQFF,GILGFVFTL,0,0,4.645e-42
CASSQEASYNEQFF,KVAELVHFL,0,0,1.3477373e-16
CASSHLCSPMMCHFYTF,VLEETSVML,0,0,2.87e-43
CASSQSNYEQYF,RMFPNAPYL,0,0,1.799857e-08
CASSTQTGAGFYGYTF,NLVPMVATV,1,1,0.9920167
CASSLDVLRRKVTGQPQHF,ILKEPVHGV,0,0,5.0004793e-18
CSAANRELNTEAFF,GLCTLVAML,1,0,0.025403764
CASRTGVHQYF,TPQDLNTML,0,0,9.5125255e-11
CATSGGLSPSSYNEQFF,AYAQKIFKI,0,0,1.5305262e-11
CASSVAGNEQFF,GLCTLVAML,1,0,0.012248318
CASSVVGGDEQFF,GLCTLVAML,1,0,0.39152336
CASSSPSGRGTGELFF,LLFGYPVYV,0,0,1.7571876e-12
CASSEGNRYEQYF,IVTDFSVIK,0,0,0.00015046952
CATSKVADLEQYF,KLGGALQAK,0,1,0.97490114
CASLLMRKQYF,YVLDHLIVV,0,0,3.900177e-32
CSVEHEGDWIEDLYTF,MLGEQLFPL,0,0,6.4154144e-15
CASSGAGDYNEQFF,IVTDFSVIK,0,0,0.00024309212
CASIRTSGGVVEQFF,RTLNAWVKV,0,0,1.0739437e-17
CASSLQPGAVQFF,GILGFVFTL,0,0,0.0017212868
CASNIINGASCAALFF,MLSILALVRV,0,0,1.1544795e-31
CASSEVTGGNYGYTF,IMDQVPFSV,0,0,2.6370095e-13
CATSFFANPAFF,KLGGALQAK,0,0,4.4416266e-14
CASSTVMEYMQIDFQYF,KLSYGIATV,0,0,0.0
CTSVPAVYWAWETEAFF,GLCTLVAML,1,0,2.7265374e-08
CASSVSLPSEAFF,KLQCVDLHV,0,0,1.6847436e-24
CASSCSDQQEQYF,IVDTVSALV,0,0,3.4707485e-21
CASPGTYGYTF,GILGFVFTL,0,1,0.99765635
CASLWLFAQDQYF,YVLDHLIVV,0,0,1.0939067e-31
CASSLAESYEQYF,NLVPMVATV,0,1,0.99994135
CASSHMLRLVYWSIAFF,NLVPMVATV,0,0,4.1730006e-21
CSARRWDYDPQCF,YVLDHLIVV,0,0,4.730151e-26
CASRHNIAGQQYF,KLGGALQAK,0,0,1.9773596e-08
CASSYLRHNWVEPIYF,FLNGSCGSV,0,0,0.0
CASSLTGDGQPQHF,IVTDFSVIK,0,0,1.8564664e-08
CSARQHMGFGQYF,GILGFVFTL,0,0,1.6171746e-11
CASSIRAGEEQYF,GILGFVFTL,1,1,0.9999995
CASSPRTRDRGWGYTF,ILKEPVHGV,0,0,5.117528e-22
CASSQERAGTGGEKLFF,ELRRKMMYM,0,0,6.1598563e-24
CASSIETSGIYNEQFF,RIAAWMATY,0,0,1.2936635e-20
CASSTTHKQSLTQYF,KLGGALQAK,0,0,6.638301e-16
CASAIKRHAAQYF,KLWASPLHV,0,0,5.8641456e-36
CATSMLRDSITTDTQYF,KLQCVDLHV,0,0,6.468776e-27
CSASANLHPLEKSQYF,KLSALGINAV,0,0,1.3382363e-35
CASSFLSNTEAFF,YLLEMLWRL,0,0,1.1091201e-19
CASSRQGLDEQYF,FLRGRAYGL,0,0,1.0257745e-15
CSARVGYEQYF,KVAELVHFL,0,0,3.3321887e-21
CASSDYKNTEAFF,LLFGYPVYV,0,0,2.8152404e-11
CASSQAGGGTYEQYF,MLDLQPETT,0,0,1.702137e-20
CASSYLYFTGIAIF,HTTDPSFLGRY,0,0,1.013798e-20
CASSASSGGVSDTQYF,CLGGLLTMV,0,0,2.516714e-16
CASSVGGPSTDTQYF,RMFPNAPYL,0,0,3.6782716e-18
CASSLGGGAYEQYF,FLYALALLL,0,0,3.501684e-12
CASSHKSTAQSEVHNQYF,TLIGDCATV,0,0,1.6660285e-34
CASSYGAPGNTIYF,IVTDFSVIK,0,0,0.0005063084
CASSLRLRLAGAEQFF,KLGGALQAK,0,1,0.99917245
CSVGTGGTNEKLFF,GLCTLVAML,1,1,0.9939757
CASSARKGINAPLFF,FLPRVFSAV,0,0,3.0611097e-24
CASSEPLYKYQYF,TTDPSFLGRY,0,0,4.0840764e-25
CATSGMDCNDFIQFF,YVLDHLIVV,0,0,0.0
CATSDSGTSGVNEQFF,GLCTLVAML,0,0,2.7239643e-05
CASSEFLFMHQVQYF,NLVPMVATV,0,0,2.828911e-27
CASRSSGNTIYF,RPPIFIRRL,0,0,5.4733422e-09
CSVIGLITDTQYF,IPSINVHHY,0,0,2.780821e-13
CASSPKGPRDRVDEQYF,CLGGLLTMV,0,0,3.463283e-17
CASSQCNYGNWQYF,GLCTLVAML,0,0,4.5674985e-32
CASSADHYTRNLTVLFF,IPRRNVATL,0,0,1.8887897e-31
CASKDLAGPKNIQYF,GILGFVFTL,1,0,0.18311048
CASSVDGRVNEQYF,MLDLQPETT,0,0,1.07339335e-20
CRARIEIFNRDLFF,GLCTLVAML,0,0,2.7360652e-27
CSARWGVGNTIYF,GLCTLVAML,1,1,0.99841297
CASSFTKMFPAIQYF,KLGGALQAK,0,0,4.8167127e-27
CSGSWRHHIYF,KLGGALQAK,0,0,4.6727366e-10
CASSLRASYEQYF,KVAELVHFL,0,0,8.863455e-18
CASSPGRSNEQFF,ELRRKMMYM,0,0,1.6700434e-19
CASSELECYFWKSLFF,FVDGVPFVV,0,0,0.0
CSAMLREVYPGELFF,GLCTLVAML,1,0,0.00052623346
CASSLVDENTEAFF,RPPIFIRRL,0,0,2.9745368e-14
CASSNIEMMGNMQFF,FLNGSCGSV,0,0,0.0
CASSYGTSPYEQYF,RLRAEAQVK,0,0,0.0051360694
CASGDLAGGYNEQFF,RTLNAWVKV,0,0,2.3558846e-19
CASATGWVNTKYTF,RAKFKQLL,0,0,2.1984539e-22
CASWDRGYNEQFF,RLRAEAQVK,0,0,3.697496e-05
CASSYQTGASYGYTF,NLVPMVATV,1,1,0.98978347
CASSHHHHQAITWEQYF,HTTDPSFLGRY,0,0,6.5561875e-30
CASGEPVRGQGMSTEAFF,RTLNAWVKV,0,0,2.5757842e-18
CASSLEGYTEAFF,NLVPMVATV,1,0,0.1103118
CASSLEGRGDAGELFF,RIAAWMATY,0,0,6.143023e-19
CASGYIWKPIDQFF,HTTDPSFLGRY,0,0,0.0
CASTDWTDDNHPAFF,ELAGIGILTV,0,0,2.001715e-22
CASSSQGSGYTF,QYDPVAALF,0,0,7.45296e-08
CASSQYDEVIATMVQYF,IPRRNVATL,0,0,3.8075757e-33
CASSPTQGAGDTQYF,CYTWNQMNL,0,0,3.683176e-23
CASSSIAGNEQFF,NLVPMVATV,0,1,0.7435574
CASTSANTGELFF,AYAQKIFKI,0,0,2.2145026e-13
CASSNRGQSHEQYF,ILKEPVHGV,0,0,7.135053e-14
CATSRTGTYGYTF,RMFPNAPYL,0,0,6.56984e-20
CASSKDPHGAHQYF,FVDGVPFVV,0,0,4.4091873e-26
CASRYDYKRRAFF,SLLMWITQV,0,0,1.5733892e-37
CASSNQGYTEAFF,NLVPMVATV,1,0,1.0806928e-05
CASSNDTNLYEQYF,FVDGVPFVV,0,0,2.9726985e-11
CASSARQGARRWEAFF,IVTDFSVIK,0,0,0.008196496
CASSFRGSTEAFF,YLLEMLWRL,0,0,2.9025447e-19
CATSYPHGQRIWYTF,GILGFVFTL,0,0,4.3851294e-13
CASSWTGLVETQYF,VTEHDTLLY,0,0,6.4361596e-09
CSARDHERTSGGYNEQFF,CLGGLLTMV,0,0,5.6421426e-13
CASSVTGVDEQYF,GILGFVFTL,1,1,0.9611381
CASTIKSYNCWQYF,LLWNGPMAV,0,0,0.0
CASSFDGETQYF,RTLNAWVKV,0,0,5.960079e-15
CASSLGTGGYEQYF,SLLMWITQV,0,0,1.2747523e-23
CASSQSHATHFQFF,FVDGVPFVV,0,0,2.1398185e-19
CTSVPGGLAGGPTADIQYF,RPPIFIRRL,0,0,1.6136449e-17
CASSAETIMMLNHVLGQYF,KLGGALQAK,0,0,4.083174e-32
CASSIRSDSPLHF,GILGFVFTL,1,1,1.0
CASSFQLPDTQYF,RPPIFIRRL,0,0,1.4137656e-14
CSADPEQLRGTEAFF,GLCTLVAML,1,0,0.19759557
CASTLPGTANTGELFF,KVLEYVIKV,0,0,3.6868872e-23
CSARKWASQYF,KLGGALQAK,0,0,1.9628587e-12
CASLSEVRLDQFF,LLFGYPVYV,0,0,2.536425e-30
CASSAYKQLEYYTF,FLPRVFSAV,0,0,1.1973498e-38
CASSVTGVDEQFF,GILGFVFTL,1,1,0.9994715
CASSPDGSAPFYGYTF,RLRAEAQVK,0,0,4.3638596e-10
CASSKEIEFQYF,GLCTLVAML,0,0,7.58593e-29
CASSVTGDYEQYF,NLVPMVATV,1,0,0.30924284
CSARCSIPPLYPYTF,KLGGALQAK,0,0,6.2880645e-23
CSVGQDGTNEKLFF,GLCTLVAML,1,1,0.99988663
CASRAFQAPYF,NLVPMVATV,0,0,4.272739e-08
CASRGGTYEQYF,FLRGRAYGL,0,0,1.299957e-11
CASSFQLDISGNEQFF,GILGFVFTL,0,0,0.027877893
CASGGTAKWEAFF,IPSINVHHY,0,0,3.6418524e-14
CASSMFDDCMVTLTQYF,RQLLFVVEV,0,0,0.0
CASSVGFLTVGDEQFF,GLCTLVAML,1,0,0.003602869
CASSQTQRCRMQYF,NLVPMVATV,0,0,3.5361585e-33
CASSLGNYEQYF,CLGGLLTMV,1,0,4.228192e-11
CASSLGQMNTEAFF,QPRAPIRPI,0,0,3.212624e-14
CATSTKFNYSQYF,GILGFVFTL,0,0,1.3040847e-18
CASSPLAGGPLDEQYF,KLQCVDLHV,0,0,2.6772143e-20
CAWGEGGVQETQYF,SLLMWITQV,0,0,7.2984016e-23
CASSLRGGLGPQETQYF,QYDPVAALF,0,0,3.5735336e-13
CASSVTIGAQWKLFF,NLVPMVATV,0,1,0.8446429
CASRESDGNNEKLFF,FLYALALLL,0,0,1.1781336e-10
CASSKAVAWRIQFF,FVDGVPFVV,0,0,5.08867e-33
CASRWRTQLPLFF,GCQEICPAC,0,0,6.8756516e-22
CASSLVLGTGGLETFSTSAP,VTEHDTLLY,0,0,1.8539525e-06
CASSNQDNCHLDQYF,QYIKWPWYI,0,0,3e-45
CASRRTGGVGDTQYF,GLCTLVAML,1,0,0.3290087
CASSERQGSPEAFF,NLVPMVATV,0,0,0.2736222
CSVSGTDYNEQFF,GLCTLVAML,1,1,0.9285021
CASSELEGAEQYF,LLWNGPMAV,0,1,1.0
CASREGGSTDTQYF,IVTDFSVIK,0,0,2.214193e-06
CAMLVGGRYTF,CYTWNQMNL,0,0,2.4992894e-18
CASSLYYNRPQRQYF,LLWNGPMAV,0,0,9.291982e-24
CASSAIDVEAQAFF,NLVPMVATV,0,0,5.3156363e-18
CASSQGASGYLLHSDTQYF,KVAELVHFL,0,0,1.4372421e-19
CSASSGVSYEQYF,AYAQKIFKI,0,0,6.4874973e-15
CASSSGFDLGACNKQHF,GILGFVFTL,0,0,5.408039e-20
CASSQAPTGSETQYF,ELRRKMMYM,0,0,1.1415364e-20
CASSFGRRGLDKNIQYF,KLQCVDLHV,0,0,1.1453889e-26
CASSFPGLISYNEQFF,VTEHDTLLY,0,0,3.224481e-06
CASRGCKFGHWQLFF,YVLDHLIVV,0,0,1e-45
CASSVVGSGMSTGELFF,SLLMWITQV,0,0,1.1210622e-23
CASSCKVSDLMPKYTF,IVTDFSVIK,0,0,3.01948e-40
CASSHIQAQYQYF,AARAVFLAL,0,0,5.1744392e-21
CASSLRTSGIHEQYF,RLRAEAQVK,0,0,0.00021547265
CASSLQLTMDTF,KLGGALQAK,0,0,7.593781e-09
CASSNEQKAIHYNCAQFF,FVDGVPFVV,0,0,1e-45
CASSVGGTGGNGELFF,CLGGLLTMV,0,0,1.0906301e-19
CASSHEWSSWMLFF,KLGGALQAK,0,0,1.772766e-21
CASSEVGAVNQETQYF,FLRGRAYGL,0,0,1.3469173e-20
CATDGPLKGGAYNEQFF,LLFGYPVYV,0,0,3.612855e-11
CASGHPVKIAFF,GLCTLVAML,0,0,1.4455786e-18
CASSNTEDMDDQFF,YVLDHLIVV,0,0,9.536538e-38
CASSQVSGGFGNTIYF,YLLEMLWRL,0,0,7.34266e-24
CASSPGGNLFF,RLDKVEAEV,0,0,0.024345009
CASRPAGLAYEQYF,MLDLQPETT,0,0,7.320357e-20
CASSVAQLAGGTDTQYF,GLCTLVAML,1,0,0.003397736
CASSKELSNTLHIAFF,YVLDHLIVV,0,0,1.63e-43
CASSCKTPGMFGQHF,GLCTLVAML,0,0,1.8380535e-38
CASSGYWNQFF,KVYPIILRL,0,0,6.243007e-17
CASSQQVGLGENEQFF,GLCTLVAML,1,0,9.251689e-07
CAGRENLCTGPQYF,YVLDHLIVV,0,0,3.6523553e-37
CASSRNGAWVSMPQHF,RISNCVADY,0,0,2.5738832e-22
CSARWDRHWIQYF,YVLDHLIVV,0,0,6.6912915e-29
CASSAGQLAGGPDTQYF,GLCTLVAML,1,0,0.069030955
CASSPGTNEQFF,IVTDFSVIK,0,0,1.365983e-05
CSAIGSYEQYF,SLFNTVATL,0,0,9.637016e-19
CASSLMHCFFMQYF,KLGGALQAK,0,0,5.48737e-40
CASSSLFWMFWMYTF,KAYNVTQAF,0,0,2.5e-43
CASSLFRIQYF,KLSYGIATV,0,0,7.571535e-21
CASSWMMKSEYNEQHF,KLGGALQAK,0,0,2.2402756e-22
CASSKNKIQTADQYF,KLGGALQAK,0,0,1.6357427e-28
CASSQESASVEQFF,RLRAEAQVK,0,0,6.467961e-05
CSLTQCVWERSYSHKSIF,YVLDHLIVV,0,0,1.5873095e-29
CSARTGVGNTIYF,GLCTLVAML,1,1,0.999977
CSVEYAYEQYF,AYAQKIFKI,0,0,8.070216e-08
CASTYKAIDFFPFLIYTF,KLGGALQAK,0,0,3.2311195e-30
CASSWQFELNQYF,LLWNGPMAV,0,0,1.6554328e-38
CASSFNGEWVVTQFF,FLNGSCGSV,0,0,2.608e-42
CSAQQGRGGYEQYF,YLLEMLWRL,0,0,2.0304496e-27
CASSPMQKPWCQYV,KLGGALQAK,0,0,1.8255172e-31
CASTFQLQMRWEIQYF,HTTDPSFLGRY,0,0,1.3259371e-23
CASSVSWELAQYF,GILGFVFTL,0,0,5.734852e-17
CASSLGHSHNEQFF,LLFGYPVYV,0,0,1.4259912e-09
CASSHQFEFKYTF,KLGGALQAK,0,0,3.1120208e-24
CSAVGGAISYEQYF,GLCTLVAML,1,0,2.3392995e-07
CASSHYMPDQQYF,FLNGSCGSV,0,0,4.639309e-29
CASSAYVRPCEHQFF,CRVLCCYVL,0,0,3.4119e-41
CASSPPGRASYEQYF,RMFPNAPYL,0,0,6.6667713e-17
CASKYTIQKAEMCQHF,KLGGALQAK,0,0,1.7603596e-36
CASSWVVQETQYF,QYDPVAALF,0,0,2.371614e-16
CAVGWDMEWPLIF,GILGFVFTL,0,0,3.2199271e-12
CASSSGVSRNTHMIFQFF,KLGGALQAK,0,0,1.0712948e-20
CASSPQTGGINQPQHF,CLGGLLTMV,0,0,1.312941e-16
CASSPIYMMWPLFF,FVDGVPFVV,0,0,6.435e-42
CASRVGLADTGELFF,NLVPMVATV,0,1,0.9997316
CASSKDRLEGTF,GILGFVFTL,0,0,1.2900669e-11
CASSVNHQLMMRRQYF,NLVPMVATV,0,0,5.161761e-29
CASSQDPPGTEGDEQYF,KLGGALQAK,0,1,0.9996767
CASSRPGTGELFF,IPSINVHHY,0,0,3.8836183e-12
CAISGDKDAEEHIQYF,YVLDHLIVV,0,0,5.876867e-28
CASSLGASGHEQFF,GLCTLVAML,1,0,0.00011611815
CASSVDGSTYNEQFF,GILGFVFTL,1,0,0.015341121
CAISEGTSGLETQYF,RPPIFIRRL,0,0,8.4129145e-12
CASSCSPAQMMQFF,KLWAQCVQL,0,0,0.0
CASAGRSTGELFF,GILGFVFTL,1,1,1.0
CASTEGSGGRIEQFF,VTEHDTLLY,0,0,9.3757484e-12
CDGSQEWINCWIHWLFF,YVLDHLIVV,0,0,0.0
CASSPPRGGAQETQYF,CLGGLLTMV,0,0,6.6013343e-15
CASSFSGGALAEQFF,NLVPMVATV,1,1,0.9994266
CASSYQATPKRQYF,FVDGVPFVV,0,0,2.204438e-25
CASSFRSSYEQYF,GILGFVFTL,1,1,0.9999999
CASSEKGGRETQYF,QPRAPIRPI,0,0,1.15864024e-23
CSVEEPTNYGYTF,IMDQVPFSV,0,0,5.0515842e-14
CASSPRIHWETQYF,RPPIFIRRL,0,0,1.2373095e-13
CASSMKIGGFKRQMQYF,YVLDHLIVV,0,0,2.47e-43
CASSQGTSGFWQFF,KLQCVDLHV,0,0,9.261047e-18
CALNREVWFMMQFF,FLCMKALLL,0,0,1.237e-42
CASSQPICTCLFF,TTDPSFLGRY,0,0,3.587013e-39
CASSLWGAGQPQHF,KLGGALQAK,0,1,0.999923
CASSWIWYGEYHQYF,QIKVRVDMV,0,0,7.564277e-24
CASSETAGGPDTQYF,GILGFVFTL,1,0,0.00064163125
CASSQRWKCYSHQHF,NLVPMVATV,0,0,5.170602e-32
CASNSGTYGYTF,RTLNAWVKV,0,0,3.3014965e-19
CSVRGQGDEQFF,GLCTLVAML,1,1,0.9682274
CASSLAYYLAGVEETQYF,YLLEMLWRL,0,0,1.262001e-26
CASSSLDSYQPQHF,SLLMWITQV,0,0,5.3860633e-23
CATSRDRGTGSNEQFF,RPPIFIRRL,0,0,6.8110244e-12
CASSLEFNSEYF,CYTWNQMNL,0,0,6.433884e-18
CASSIRSTDTQYF,GILGFVFTL,1,1,1.0
CASSECLDMNYTF,GLCTLVAML,0,0,8e-45
CASSPVSQGANSGNTIYF,LLFGYPVYV,0,0,7.0388896e-11
CSARELCAQLQGQYF,NLVPMVATV,0,0,3.125465e-31
CASSPEEMTPMVQYF,NQKLIANQF,0,0,3.284747e-29
CASSPVAGLTLYLEAFF,GLCTLVAML,0,0,0.018894507
CASSHPSWGDTNTDTQYF,KVLEYVIKV,0,0,2.696602e-16
CASEAGELFF,KTWGQYWQV,0,0,4.7188786e-22
CASSLDGAMNEQYF,NLVPMVATV,0,1,0.99523085
CASSPEAGNQPQHF,RLRAEAQVK,0,0,0.00033438473
CASSLGGGAYEQYF,QYDPVAALF,0,0,3.7988165e-16
CASNYGDNYCPQHF,NLVPMVATV,0,0,0.011171919
CASSTQTGSGYTF,ILKEPVHGV,0,0,2.966752e-14
CASSFRGGTDTQYF,KLQCVDLHV,0,0,4.048916e-22
CASSESTDEKLFF,NLVPMVATV,1,0,0.017295184
CASSQDNTMVGTEAFF,SLLMWITQV,0,0,1.8848435e-18
CASSLRDRGHEQYF,VTEHDTLLY,0,0,2.4782319e-06
CACGFTVGLPNEKLFF,GILGFVFTL,0,1,0.99908125
CASSLAPGTTNEKLFF,NLVPMVATV,1,1,0.9992113
CASSIVSIWEFQYF,HTTDPSFLGRY,0,0,5.662227e-39
CASRAYMQQYF,SLFNTVATLY,0,0,2.611101e-19
CASSIFGGAETQYF,GILGFVFTL,1,1,1.0
CSVWQLWIRYTF,GLCTLVAML,0,0,1.542271e-19
CASSYQTGANYGYTF,NLVPMVATV,1,1,0.99941254
CASSKERCNWDLLFF,KLGGALQAK,0,0,7.5043634e-36
CKTTYGTGDSNQPQHFF,GILGFVFTL,1,0,0.00029521907
CASSWEISGTKADTQYF,GLCTLVAML,0,0,0.0342405
CASSWKWEEVEAF,LPPIVAKEI,0,0,2.4007098e-27
CASSHPLAEQYF,RMFPNAPYL,0,0,7.9043136e-13
CASSAFDYNSQYF,HTTDPSFLGRY,0,0,1.138962e-34
CASSQVVCQTAMLEQYF,FLNGSCGSV,0,0,3.2916894e-33
CASSFGGGQSEQYF,NLVPMVATV,1,1,0.9955668
CASSIECYILWVQYF,KAYNVTQAF,0,0,0.0
CSGLGTGAPYEQYF,ELRRKMMYM,0,0,7.032174e-24
CASSYGQQETQYF,GLCTLVAML,1,0,0.45242
CASSQEWSGLAQPQHF,RIAAWMATY,0,0,1.7957518e-20
CAWSVLVGGANTGELFF,IPSINVHHY,0,0,1.9763496e-15
CASSTTRQGMDYEQYF,VTEHDTLLY,0,0,1.0951638e-06
CASSFGGASYGYTF,RPPIFIRRL,0,0,4.8800265e-17
CASSKQGNYEQYF,GLCTLVAML,0,0,0.008985463
CASSAIHDCCSQQYF,NLVPMVATV,0,0,2.6011838e-38
CSVGAGGTNEKLFF,GLCTLVAML,1,1,0.9934016
CASFCRQGDYRQYF,GPGHKARVL,0,0,3.8956536e-11
CASSVAVQGAYNEQFF,AYAQKIFKI,0,0,2.1476175e-14
CSARPLGNYGYTF,IMDQVPFSV,0,0,9.0820864e-20
CASRRTTESTHGYTF,IMDQVPFSV,0,0,1.202666e-13
CASSPSPLTSDGYTF,KVAELVHFL,0,0,7.459572e-16
CASSPPARSYNEQFF,QPRAPIRPI,0,0,2.5840556e-22
CASSDTGAGGNEQFF,GILGFVFTL,0,0,0.010150917
CASSQDAQGGYEQYF,SLFNTVATL,0,0,7.815909e-20
CASSRLTSTDTQYF,FLRGRAYGL,0,0,3.0916867e-20
CASSWLPYELQYF,FVDGVPFVV,0,0,8.246197e-31
CASSLGQGQVNSPLHF,QYDPVAALF,0,0,7.4549813e-19
CASSYGGYTEAFF,LLFGYPVYV,0,0,1.2564601e-11
CASSMFGNQPQHF,GILGFVFTL,1,1,1.0
CASSPVGLAGGALLYNEQFF,ILKEPVHGV,0,0,5.5604892e-24
CASSVVYDPKCVQYF,RAKFKQLL,0,0,3e-45
CSARPSHSYEQYF,ILKEPVHGV,0,0,1.35290815e-17
CSVLGSGEMQYF,YVLDHLIVV,0,0,3.324557e-14
CASSSDPGQGASYNEQFF,IVTDFSVIK,0,0,0.047418553
CSVGGTTYGYTF,GLCTLVAML,1,0,0.37738207
CASSTRSSYEQYF,GILGFVFTL,1,1,1.0
CSVEAQALFGQYF,KLSYGIATV,0,0,1.3939789e-35
CASSGLGQENYGYTF,KVLEYVIKV,0,0,1.5916582e-20
CASRNPPSVALQFF,RPRGEVRFL,0,0,1.0703286e-24
CASSFDPWLNNDQFF,KLGGALQAK,0,0,1.2790802e-19
CASTEEIEMWPQYF,YVLDHLIVV,0,0,7.57719e-40
CASSVDGEMDIHQYF,VLWAHGFEL,0,0,5.6923927e-25
CASSRPGLAGDFGTDTQYF,KVAELVHFL,0,0,2.8639728e-19
CASSIGLHYEQYF,KVAELVHFL,0,0,4.1715335e-15
CASSVCAYIWWATQYF,KLGGALQAK,0,0,1.08286404e-29
CASSYSRDSPINAYTQYF,ELRRKMMYM,0,0,5.5747216e-23
CSVEFYRGDAFKQYF,NLVPMVATV,0,0,5.1696198e-08
CASNKGEETQYF,ELRRKMMYM,0,0,2.9042394e-19
CASSLGGWGADTEAFF,CYTWNQMNL,0,0,3.5667434e-21
CATRYVAWLQCGYTF,KLGGALQAK,0,0,0.0115984
CSVPGTVLSEQFF,GLCTLVAML,1,0,0.00196129
CASNQGRVIPGELFF,GLCTLVAML,1,1,0.9941626
CASSQEVGPEAFF,GILGFVFTL,1,0,3.460636e-06
CASSGLELNSHMILLFF,HTTDPSFLGRY,0,0,4.24664e-39
CASGGQVGTQYF,SLFNTVATL,0,0,1.2143554e-16
CASSEVSTDTQYF,VTEHDTLLY,0,0,3.4953234e-09
CASSWKWECMQFF,LLWNGPMAV,0,0,0.0
CASSKEIEEKYTF,ELAGIGILTV,0,0,1.24753335e-23
CASSPLIAGGPNNEQFF,IMDQVPFSV,0,0,3.3197707e-19
CASSHLLGQGYEQYF,ELRRKMMYM,0,0,2.6879195e-19
CASTQLYRGVAADTQYF,FLRGRAYGL,0,0,2.6320808e-20
CASSFQEKNKYTF,KLGGALQAK,0,0,1.8578484e-15
CASSQHRDREDNEQFF,IMDQVPFSV,0,0,5.868201e-12
CASRTGWGQPQHF,QYDPVAALF,0,0,4.9832124e-16
CASSAQWDSVKLFF,RLRAEAQVK,0,0,1.6825782e-10
CASSHQPLMNTEAFF,GILGFVFTL,0,0,0.00644492
CSVGPRVIIPQFF,RAKFKQLL,0,0,2.7722322e-16
CASSEMGQATSGANVLTF,KTWGQYWQV,0,0,7.4964545e-24
CASSWAAVANLQYF,FLNGSCGSV,0,0,1.3861991e-36
CASSLSLGTLNYEQYF,GILGFVFTL,0,0,9.9464805e-06
CASSLLGQPSGYTF,GILGFVFTL,1,0,0.00026546937
CASSLYLGVGETQYF,KVAELVHFL,0,0,1.6309327e-13
CASSAKFDHERIYF,KLGGALQAK,0,0,1.3285183e-32
CASSAERHQYF,KLSYGIATV,0,0,1.7393598e-36
CASTLLGGAGYNEQFF,NLVPMVATV,1,1,0.999984
CATSRGESYTETQYF,QYDPVAALF,0,0,1.1001343e-15
CASSFTSGTTDTQYF,GLCTLVAML,1,0,0.17134745
CASSYSLAGGYNEQFF,IPSINVHHY,0,0,3.7602964e-14
CASSPGPNNQPQHF,GLCTLVAML,0,0,9.217663e-05
CSARRDKYNNHSF,GLCTLVAML,0,0,5.1594646e-19
CASSVAAVSDMWLHF,FVDGVPFVV,0,0,4.69031e-36
CASSIVGQGAHNEQFF,IVTDFSVIK,0,0,4.3612035e-06
CASSGMCLDDEIQFF,GTSGSPIINR,0,0,7e-44
CASSEWAPASPRETQYF,QPRAPIRPI,0,0,6.8575257e-22
CASSQDQGTYEKLFF,VTEHDTLLY,0,0,2.424886e-06
CASSLKEVLSSWEQYF,NLVPMVATV,0,1,0.99262637
CASSYQTGAAYGYTF,NLVPMVATV,1,1,0.9953702
CATSQRNGTDVQYF,KLGGALQAK,0,1,0.99951947
CASSDVTLQGLDNQKAYF,YVLDHLIVV,0,0,1.2010192e-07
CASSVDNGATYEQYF,RPPIFIRRL,0,0,6.976647e-10
CACSAHWQPFQYF,GILGFVFTL,0,0,1.1028015e-24
CASSQWFISGSQYF,LTDEMIAQY,0,0,3.118305e-14
CASSNHKRAYQYF,QECVRGTTVL,0,0,1.36692e-40
CASSLLFGSPLHF,GILGFVFTL,1,1,0.9999888
CASSQGWTAEAFF,KLGGALQAK,0,1,0.9930936
CASRTSGRVGWEQYF,RLRAEAQVK,0,0,0.008204131
CASSLRRAGVSYEQYF,SLLMWITQV,0,0,6.286215e-24
CASSLSLTAGELDTQYF,ELRRKMMYM,0,0,2.4811242e-20
CASSSHNNDEHQYF,KAFSPEVIPMF,0,0,1.4635749e-23
CASSLVVSGGADVEETQYF,RTLNAWVKV,0,0,1.4207919e-17
CASSAMCGQIQHQFF,FLNGSCGSV,0,0,0.0
CASSVSGQGAEEQYF,FLRGRAYGL,0,0,5.0816905e-24
CSARKTIGNQYF,YVLDHLIVV,0,0,4.688943e-24
CASSVVGPPQQYF,HTTDPSFLGRY,0,0,1.2257192e-18
CASSIGLGLAGDNEQFF,AYAQKIFKI,0,0,1.0793586e-14
CASSQPTPHLLNQALHF,TPRVTGGGAM,0,0,0.4929185
CASSTRSQETQYF,GILGFVFTL,1,1,1.0
CASSYSGGNEQFF,KLQCVDLHV,0,0,8.223307e-21
CASSCMHNDMNSQFF,KLGGALQAK,0,0,3.497381e-37
CASTKCNWVLFF,HTTDPSFLGRY,0,0,0.0
CASSKTSATFAFF,KLSALGINAV,0,0,4.722485e-20
CASSIAFWVGQYF,NLVPMVATV,0,0,1.8495045e-15
CSVDECQLFFQYV,HTTDPSFLGRY,0,0,1e-43
CASSIFEVSDQPQHF,RIAAWMATY,0,0,7.1033297e-15
CASASGTGFHEQYF,QPRAPIRPI,0,0,5.1209797e-24
CASRRGESYNEQFF,IPSINVHHY,0,0,2.046164e-12
CSVGWAFYILQLF,YVLDHLIVV,0,0,0.0
CASGDEGFLINQPQHF,GLCTLVAML,1,0,6.040905e-06
CASSISALDEQYF,GILGFVFTL,1,1,0.99999857
CSARELLGLAKNIQYF,KVLEYVIKV,0,0,1.0247348e-21
CASSPLVRGVYQETQYF,LLFGYPVYV,0,0,1.8180117e-16
CASSFKQQIKWHLHF,KLGGALQAK,0,0,5.555731e-27
CASSMSSRCKMQYF,HTTDPSFLGRY,0,0,0.0
CASSFAHHEWQYF,VPMEKFKTL,0,0,2.987648e-22
CATTTTSVVGQPQHF,IPSINVHHY,0,0,1.7124471e-12
CASSCGWLSLMQFF,FVDGVPFVV,0,0,2.83e-43
CASSYRSRVGEQYF,SLLMWITQV,0,0,9.557899e-19
CASSLGGQYMNTEAFF,FLRGRAYGL,0,0,4.510542e-13
CGIYANCRCFFPQGLTF,YVLDHLIVV,0,0,1.450313e-39
CAMRGANYNEQFF,KVAELVHFL,0,0,3.0256176e-18
CASAHFKPLCQYF,GLCTLVAML,0,0,1.263645e-39
CASSFLPPPTELETQYF,SLFNTVATL,0,0,7.2811757e-19
CASSGYDNALYTF,KLGGALQAK,0,0,4.1713264e-15
CASSLAGTSGYEQYF,QYDPVAALF,0,0,2.171382e-15
CASSYGGLSYEQYF,CLGGLLTMV,1,0,1.0448345e-13
CASSSVSGWEF,NLVPMVATV,1,1,0.9999987
CSARDRTGNGYTF,GLCTLVAML,1,1,0.99999917
CASSTGQLAPGEQFF,GLCTLVAML,1,1,0.99990284
CASNSYNEQFF,RPPIFIRRL,0,0,1.4921568e-08
CASGLLTGGHDTQYF,IPSINVHHY,0,0,5.4152574e-15
CASSPGAVSIGNTIYF,GLCTLVAML,1,0,0.46114063
CASSIRAAYEQYF,GILGFVFTL,1,1,1.0
CASSKRWWRYCTQYF,HTTDPSFLGRY,0,0,1.024e-42
CASSGPIYVVDYSGQYF,KLSYGIATV,0,0,2.437229e-37
CASSSKGWLHQYF,KLGGALQAK,0,0,2.7275402e-20
CASSIIYSFYTF,KLGGALQAK,0,0,1.2793904e-15
CASSAGTGGSDTQYF,KVLEYVIKV,0,0,1.849111e-21
CASSMWHALCRCQYF,KLGGALQAK,0,0,1.2344263e-36
CASSTDRNTDTQYF,CYTWNQMNL,0,0,2.0561031e-25
CASSNTGGSEAFF,KVLEYVIKV,0,0,9.96394e-16
CSARDTCFWLVYQYF,HTTDPSFLGRY,0,0,0.0
CAISDGQGVWTDTQYF,ELRRKMMYM,0,0,1.3462121e-22
CASTFLAYSNVYIMQFF,GLCTLVAML,0,0,1.6576824e-38
CSARDGDYGYTF,KVLEYVIKV,0,0,5.35259e-25
CASSPGQGGQPQHF,KLQCVDLHV,0,0,8.159639e-25
CASSLPGQGSYNEQFF,GILGFVFTL,0,0,4.866987e-05
CASSVMMVETWMFFQYF,KLGGALQAK,0,0,5.52482e-39
CASSGFHDIDSNHQFF,KLGGALQAK,0,0,4.7674428e-29
CSARVFQDDDNTRSSWQYF,NLVPMVATV,0,0,1.8716452e-11
CATSEGTVSNQPQHF,NLVPMVATV,0,1,0.9973459
CASSVRAIMYQYF,KAFSPEVIPMF,0,0,5.2446408e-24
CASAQVMDHFNLFF,VSDGTHWFV,0,0,3.4305274e-33
CASSSSGGIHEQYF,RIAAWMATY,0,0,2.9097412e-18
CASSIRSTGELFF,GILGFVFTL,1,1,1.0
CASSFYSGAQETQYF,ILKEPVHGV,0,0,2.18028e-15
CSARRENTIYF,CYTWNQMNL,0,0,2.8408882e-23
CASTPHLERGAYGQYF,KLGGALQAK,0,0,0.0023734134
CATSRGEGGMSNQPQHF,RTLNAWVKV,0,0,5.6524494e-17
CASSYWGGKSTEAFF,GILGFVFTL,1,1,0.7366083
CAGGPSAYEQYF,YLLEMLWRL,0,0,9.8521004e-24
CASSDFDVNQKVQHF,KLGGALQAK,0,0,5.0263158e-33
CASSLGGDYGYTF,KTWGQYWQV,0,0,1.1224001e-18
CASSSSFPGGGNEQFF,NLVPMVATV,1,0,0.047598206
CASNLPSSYLVNLHF,KLGGALQAK,0,0,6.554494e-13
CATSMRGQNKSNQYF,FLNGSCGSV,0,0,1.035427e-28
CASSMRSTDTQYF,GILGFVFTL,1,1,1.0
CASSFSPAQGAFF,RPPIFIRRL,0,0,2.2720552e-18
CATSDPRGTGESTDTQYF,IMDQVPFSV,0,0,9.134152e-16
CSYQESSYGYTF,GLCTLVAML,1,0,4.281597e-06
CASREGYEQYF,KLQCVDLHV,0,0,1.8866885e-22
CASSNQMDKCLFF,FLNGSCGSV,0,0,0.0
CASSDLHHPHMAHPQYF,NLNESLIDL,0,0,1.9067724e-31
CSASYVRLLQYF,RLRAEAQVK,0,0,7.975141e-13
CASSVIYALFQYF,KAYNVTQAF,0,0,3.5336727e-28
CASSQEGLAGNEQFF,RTLNAWVKV,0,0,1.2067187e-14
CAISLVWFTVKIQFF,VLAWLYAAV,0,0,6.5266375e-24
CASSLSTGTSYGYTF,NLVPMVATV,1,1,0.9532213
CASSDAGNFQHNQYF,FKDNVILLN,0,0,4.133728e-27
CASRHPITNTEQQYF,HTTDPSFLGRY,0,0,5.407328e-31
CASSLFGGGGTEAFF,IPSINVHHY,0,0,1.0945264e-09
CASSTNNHCKRQHF,FLYNLLTRV,0,0,0.0
CASSTRGSGEQFF,GILGFVFTL,1,1,1.0
CASSLTANTEAFF,GLCTLVAML,0,0,0.07119138
CAISDDRQTYEQYF,GLCTLVAML,1,0,0.07878694
CASCVRNSWMELQHF,YVLDHLIVV,0,0,8.1e-44
CASSSGYNEQFF,RMFPNAPYL,0,0,7.138913e-16
CASRLDSTDTQYF,IVTDFSVIK,0,0,7.093211e-06
CAWSCRWDRTMLANQYV,KLGGALQAK,0,0,1.2504387e-32
CASSWMNIMGRETIYF,QASQEVKNW,0,1,0.80202436
CASRGAWGEKLFF,ELRRKMMYM,0,0,9.479864e-27
CASSLEWQTGELFF,QPRAPIRPI,0,0,2.583312e-18
CAWSEHSANSFQFS,YVLDHLIVV,0,0,7.1367615e-31
CSVWQTIGMIDLFF,GLCTLVAML,0,0,1.9394879e-19
CASSFIPYGQRIQHF,SLYNTVATL,0,0,1.4286757e-06
CASSQAWSDSVMGQPQHF,FLYALALLL,0,0,4.1122014e-17
CASRPPVRSDEQFF,CYTWNQMNL,0,0,8.001307e-23
CASSLGDTGELFF,RPPIFIRRL,0,0,1.4374139e-09
CASDIDRGIDQPQHF,KTWGQYWQV,0,0,1.1457306e-17
CASSFNKKPSETQYF,KLGGALQAK,0,1,0.9940882
CASSRAACFAHQYF,LPRRSGAAGA,0,0,1.16e-43
CSANRAGAGSSTQYF,MLDLQPETT,0,0,7.3464614e-19
CASSWGDWWVGCCIQYF,KLSYGIATV,0,0,0.0
